Gender,Married,Education,ApplicantIncome,LoanAmount,Credit_History,Loan_Status
1,1,1,10615,372,0.0,0
0,0,0,7921,354,1.0,0
1,1,0,4552,533,1.0,0
1,0,0,9707,106,1.0,1
1,0,1,13288,225,1.0,1
0,1,0,12095,182,1.0,1
1,0,0,5951,127,1.0,0
1,0,1,6425,365,1.0,0
1,1,1,13702,382,1.0,1
0,1,1,4146,496,0.0,1
1,1,1,10793,549,0.0,0
1,1,0,12667,569,1.0,1
1,0,1,10782,350,1.0,1
1,1,0,4406,567,1.0,1
0,1,1,3246,287,1.0,1
1,1,1,5809,482,1.0,0
0,1,0,11412,398,1.0,0
0,1,0,1948,168,1.0,0
0,0,0,4512,418,1.0,1
1,1,1,13196,425,1.0,0
0,0,1,3068,198,1.0,1
1,1,0,12878,292,0.0,1
0,1,0,4991,326,1.0,1
0,1,1,12238,550,0.0,0
0,1,0,14497,281,0.0,1
0,1,0,14167,519,1.0,1
0,1,1,8810,426,1.0,0
0,1,0,8383,192,1.0,1
0,1,1,7484,242,1.0,0
0,0,1,10739,302,1.0,0
1,1,1,14326,501,1.0,0
1,0,0,8588,591,0.0,1
0,1,0,14540,231,0.0,1
0,0,0,14322,571,1.0,0
0,1,0,6268,366,1.0,1
1,1,1,2564,233,0.0,1
0,1,1,5321,477,1.0,1
1,0,0,10259,278,1.0,1
1,0,0,2936,285,1.0,1
1,0,0,14202,543,0.0,0
1,0,0,14236,117,1.0,1
1,1,1,14397,562,0.0,1
0,1,0,12397,422,1.0,1
0,1,1,7597,500,1.0,0
0,0,0,3983,196,1.0,1
0,1,0,9219,133,1.0,1
0,0,0,6300,513,1.0,1
1,0,1,7882,502,1.0,1
0,0,0,14853,492,1.0,1
0,0,1,6329,523,1.0,0
1,0,1,13471,399,1.0,1
0,1,0,14587,450,1.0,1
1,0,1,7653,286,1.0,1
0,0,1,4294,446,1.0,1
1,1,1,11552,210,1.0,1
0,0,0,13028,508,1.0,1
0,0,1,9112,346,1.0,1
1,1,1,11582,170,1.0,0
1,1,0,14518,408,1.0,1
1,1,0,13983,531,1.0,1
1,0,1,2597,426,0.0,1
1,1,1,3138,311,1.0,0
1,1,1,11350,408,1.0,0
1,1,1,10817,207,1.0,1
1,0,0,9955,276,1.0,1
0,1,0,12684,526,1.0,1
0,0,1,14707,327,1.0,1
1,0,0,1660,118,1.0,1
0,1,1,10948,421,0.0,0
0,0,0,7406,517,1.0,0
0,0,0,14557,347,1.0,0
0,1,1,10002,308,1.0,1
1,0,1,9918,315,1.0,1
0,1,1,9964,300,1.0,1
1,0,1,8581,537,1.0,1
0,0,0,5912,356,0.0,0
0,1,0,11614,205,1.0,1
0,1,1,4657,575,1.0,1
1,0,0,3838,410,1.0,0
0,0,0,7088,370,0.0,0
1,1,1,3101,482,0.0,0
0,0,1,7388,568,0.0,0
1,0,0,5218,370,1.0,1
0,0,1,7046,220,1.0,1
1,0,1,12114,506,1.0,1
1,1,0,3425,344,0.0,1
0,1,0,10258,165,1.0,1
1,1,1,4415,529,0.0,1
0,1,0,8398,327,1.0,0
0,1,1,9943,469,1.0,1
0,1,1,7152,236,1.0,1
0,0,0,12046,293,1.0,1
0,1,0,5001,293,1.0,1
0,0,1,14462,245,1.0,1
0,0,1,12003,244,1.0,0
0,0,1,11807,588,0.0,1
0,1,0,8774,171,1.0,0
0,0,1,3102,453,0.0,1
0,1,0,12962,517,1.0,1
1,0,1,8859,552,0.0,1
1,0,0,2013,291,1.0,1
0,1,1,10133,143,1.0,1
0,0,0,9692,256,1.0,1
0,0,1,8001,545,1.0,1
0,0,1,14926,575,1.0,0
0,0,1,2402,115,0.0,1
0,1,1,7219,177,1.0,1
0,0,0,10912,151,1.0,1
0,0,0,9648,101,0.0,1
1,1,0,3821,331,1.0,1
0,0,0,2355,160,1.0,1
1,0,0,2517,231,1.0,1
0,0,1,6779,481,1.0,1
0,0,0,11912,151,1.0,1
1,1,0,9212,396,0.0,1
0,0,0,6180,279,1.0,0
1,1,0,13196,130,1.0,1
0,0,1,8572,509,0.0,1
0,0,1,8124,254,1.0,1
1,0,1,14242,220,1.0,0
0,1,1,1695,150,1.0,0
1,0,0,6194,581,1.0,0
0,0,0,11024,194,1.0,1
1,1,1,6151,275,0.0,1
1,1,1,8491,110,1.0,0
0,1,0,11209,491,1.0,1
0,1,0,14226,111,1.0,1
1,0,1,4197,454,1.0,1
0,0,1,14146,144,1.0,1
0,0,1,12799,389,1.0,1
0,0,1,2557,304,1.0,1
1,1,0,6707,318,1.0,0
1,0,0,12397,427,1.0,1
1,0,0,11755,530,1.0,1
1,0,1,4292,355,1.0,1
1,0,0,1920,347,1.0,1
1,1,0,14340,120,1.0,0
1,0,1,4314,140,1.0,0
1,0,1,4340,558,1.0,1
1,0,1,14937,377,0.0,1
0,1,1,2531,376,1.0,0
1,1,1,9139,511,1.0,1
0,0,1,2991,294,1.0,1
0,0,0,6475,170,1.0,1
0,0,0,11577,369,1.0,0
1,1,0,6447,434,1.0,0
1,0,0,2009,172,1.0,1
1,0,0,3359,407,1.0,1
1,0,0,6561,526,1.0,1
0,1,1,3358,298,1.0,1
1,0,1,10605,175,1.0,1
1,0,1,7107,374,1.0,1
1,1,0,3565,382,1.0,0
1,1,0,4466,245,1.0,1
1,0,1,14846,112,1.0,0
0,1,1,8273,462,0.0,1
1,0,1,14581,228,1.0,1
0,1,1,13529,329,1.0,0
1,1,1,9392,184,1.0,1
0,0,0,11288,261,1.0,1
1,0,0,5942,496,1.0,1
1,0,0,10747,464,1.0,0
0,1,1,14695,470,1.0,1
0,0,0,10715,588,1.0,1
0,0,1,4704,150,1.0,0
1,0,0,2075,314,1.0,1
0,0,1,1698,100,0.0,1
1,0,1,8923,570,1.0,1
1,1,0,2865,476,0.0,1
0,0,0,9334,511,0.0,1
0,0,0,3498,222,0.0,1
1,1,0,6850,387,1.0,1
1,0,0,7944,299,1.0,1
0,0,1,2516,282,1.0,1
0,0,0,5118,509,1.0,1
0,0,0,1525,497,1.0,0
1,0,1,11250,315,1.0,1
1,1,0,5224,339,1.0,1
1,1,1,4958,448,1.0,0
1,1,0,13048,167,1.0,0
1,0,0,8093,418,1.0,1
1,1,1,12059,181,1.0,0
0,0,0,10162,241,1.0,1
1,0,0,12159,510,0.0,0
1,0,0,8780,140,1.0,0
1,1,0,9569,338,0.0,1
0,1,1,6246,102,1.0,0
1,1,1,9089,193,0.0,0
1,0,0,10577,158,1.0,1
0,1,0,14717,327,0.0,0
1,0,1,8478,506,1.0,1
1,1,1,10567,117,1.0,0
1,1,0,10633,593,1.0,0
1,0,1,4541,338,1.0,1
1,0,1,9265,459,1.0,1
0,1,1,6904,173,1.0,0
0,1,1,2071,475,1.0,1
0,1,0,13841,431,0.0,1
1,0,1,10296,268,1.0,1
1,0,0,14112,363,1.0,1
1,1,0,13221,259,1.0,0
0,1,1,6480,436,1.0,1
1,0,0,14052,268,1.0,0
1,1,0,10073,528,0.0,0
0,0,1,2736,305,1.0,1
1,0,1,3880,456,1.0,1
0,0,1,8677,108,1.0,1
0,0,0,13471,445,1.0,1
0,0,0,11797,403,1.0,1
1,0,0,3017,214,1.0,0
1,1,0,3033,251,1.0,1
1,0,1,7387,186,0.0,0
1,0,0,12986,194,1.0,1
1,1,1,13132,330,1.0,1
1,0,1,9359,527,1.0,1
1,1,1,4989,285,1.0,1
0,0,1,13637,549,1.0,0
1,1,0,6142,213,1.0,0
0,1,1,10562,373,1.0,0
1,0,0,3650,563,1.0,0
1,0,1,12924,128,0.0,1
1,0,1,6819,302,1.0,1
0,0,1,12923,101,0.0,1
0,1,0,5266,177,1.0,1
0,1,1,6460,423,1.0,1
0,1,1,12899,330,1.0,1
1,0,1,7561,197,1.0,0
0,1,1,14185,216,1.0,1
1,0,0,7357,209,1.0,1
1,0,0,5987,266,1.0,1
0,1,1,13518,556,1.0,1
0,0,1,9250,587,1.0,1
0,1,0,11304,396,1.0,1
0,0,0,2577,554,0.0,0
0,1,0,2800,470,1.0,1
0,0,1,11850,436,0.0,0
0,1,0,11963,477,1.0,1
0,1,1,8149,186,1.0,1
1,0,0,8681,592,1.0,0
0,0,0,9638,558,1.0,1
0,1,1,4029,121,0.0,1
1,0,0,4760,309,1.0,1
0,0,1,1863,404,1.0,0
1,0,0,2345,511,1.0,1
1,1,1,4532,371,1.0,1
0,1,0,2827,589,0.0,1
1,0,0,12854,423,0.0,0
1,0,1,10083,545,1.0,1
1,1,1,4755,519,1.0,1
1,0,1,6636,377,0.0,1
0,1,1,8608,238,1.0,1
1,0,0,11751,440,0.0,0
0,0,0,4737,476,1.0,1
1,0,0,11738,331,1.0,0
1,1,0,13933,332,1.0,1
1,1,0,10997,179,1.0,1
1,1,0,7168,525,1.0,1
0,1,1,7812,154,1.0,0
0,0,0,12586,556,1.0,1
1,0,0,11724,390,1.0,1
1,1,1,10456,540,1.0,1
0,0,0,6965,133,1.0,1
1,0,0,1998,428,1.0,0
1,1,0,13060,432,1.0,1
1,0,1,7562,553,0.0,1
0,0,1,14953,487,1.0,1
0,1,0,4444,351,1.0,0
0,0,1,9452,529,1.0,1
1,0,0,7356,575,1.0,1
1,0,0,13496,224,0.0,0
0,1,0,13905,110,1.0,1
0,1,1,14152,581,1.0,0
0,0,0,9338,416,1.0,1
0,0,0,7577,221,1.0,1
1,0,0,1635,134,1.0,1
0,1,0,10792,168,1.0,0
1,1,0,11563,412,1.0,0
0,1,1,5533,586,1.0,1
1,0,0,8200,238,1.0,1
0,0,1,5613,111,1.0,1
0,0,0,13704,224,1.0,1
0,0,1,8046,398,1.0,1
0,0,0,9896,246,1.0,0
1,1,0,6094,176,1.0,0
0,0,1,12063,167,0.0,0
1,0,1,14382,305,1.0,1
1,0,0,2061,335,1.0,0
1,1,1,6900,158,1.0,0
1,0,1,8833,357,0.0,1
0,1,0,4814,353,1.0,0
1,1,0,5460,491,1.0,1
1,1,0,12218,505,0.0,1
1,1,0,3711,342,1.0,1
0,1,0,3871,560,1.0,1
0,0,1,8474,376,1.0,1
0,0,0,14427,568,0.0,0
0,1,1,4181,319,1.0,1
1,1,0,4306,324,0.0,1
1,1,0,13461,512,1.0,1
0,0,1,3755,200,0.0,1
1,0,0,14102,441,1.0,1
1,1,1,10592,221,1.0,1
1,0,1,7882,317,1.0,0
0,0,1,11442,174,1.0,1
0,1,0,6399,430,1.0,1
1,1,0,12987,336,1.0,0
0,0,0,4659,581,1.0,1
0,0,0,7156,438,1.0,1
0,0,0,2952,339,0.0,0
0,1,0,10935,264,1.0,0
0,1,1,3822,433,1.0,1
1,1,0,11362,256,1.0,1
0,0,0,11719,310,0.0,1
1,0,0,8597,520,0.0,1
1,1,0,3268,376,0.0,1
0,0,1,7596,315,1.0,1
1,1,1,6685,317,0.0,0
1,0,1,13355,332,1.0,1
1,1,1,11994,475,1.0,0
0,0,1,2669,111,0.0,1
0,0,0,6210,531,1.0,1
1,1,1,12124,182,0.0,1
0,1,1,8090,530,1.0,0
0,1,0,1886,212,1.0,0
0,1,0,3930,577,1.0,1
0,1,1,13040,370,1.0,1
1,0,0,2905,294,1.0,1
1,1,0,1623,468,1.0,1
0,1,1,5497,240,0.0,1
0,1,0,7409,542,0.0,1
1,1,1,13144,556,1.0,1
1,1,1,5396,223,1.0,1
0,0,0,11316,240,1.0,1
1,1,1,9566,307,1.0,1
0,1,1,10873,214,1.0,1
0,1,0,2227,305,1.0,0
1,0,0,8539,555,1.0,1
1,0,0,13576,502,0.0,0
0,1,0,9215,540,1.0,1
0,1,1,5170,387,1.0,1
1,0,0,2641,454,1.0,0
0,0,0,12067,442,1.0,1
1,0,1,5531,248,1.0,1
0,1,1,10050,309,1.0,1
1,1,1,5242,211,1.0,0
1,0,1,4344,241,1.0,0
1,1,0,14230,563,1.0,0
0,0,0,3711,123,1.0,0
0,0,1,2472,148,0.0,1
1,0,1,1860,599,1.0,1
0,1,1,4132,387,1.0,0
1,0,1,4690,430,1.0,0
1,0,0,6448,464,1.0,1
0,1,1,3124,110,1.0,0
0,0,0,13620,287,1.0,1
1,1,1,3256,167,1.0,1
0,0,0,9318,544,1.0,1
0,1,0,6619,189,1.0,1
1,0,0,7526,209,0.0,0
1,0,0,9932,488,1.0,0
0,0,1,14453,263,1.0,1
1,0,0,14953,580,1.0,0
1,0,1,8475,547,1.0,1
0,1,0,2475,305,1.0,1
1,1,0,5818,131,1.0,1
1,0,1,7423,426,1.0,0
0,0,1,3813,173,1.0,1
0,0,0,10997,350,1.0,1
1,1,0,2287,549,1.0,1
1,1,1,3928,493,0.0,1
0,0,0,10247,454,1.0,1
0,1,1,11801,120,1.0,1
0,0,1,14634,395,0.0,1
0,0,1,8164,397,1.0,1
1,0,0,14882,427,1.0,1
0,1,0,12341,401,0.0,0
0,0,1,11251,437,0.0,1
1,0,1,13927,172,1.0,1
0,0,1,8983,473,1.0,0
1,1,1,2863,140,1.0,1
0,1,0,5459,193,1.0,0
0,1,1,10281,231,1.0,1
0,0,0,3249,198,0.0,1
1,1,1,8171,497,1.0,0
1,0,0,2040,497,1.0,1
0,1,0,9134,152,1.0,1
1,0,0,12114,595,1.0,1
1,1,0,9982,328,1.0,1
1,0,0,11782,227,0.0,0
1,1,1,5435,311,1.0,1
1,1,1,5458,384,1.0,0
1,1,0,5359,378,1.0,1
0,0,1,9550,594,0.0,1
0,1,1,10947,440,0.0,1
1,1,1,6831,258,1.0,0
0,1,1,9699,451,1.0,1
0,1,1,3157,332,0.0,0
0,0,1,14270,170,1.0,1
0,1,1,7685,304,1.0,0
1,0,0,5928,288,0.0,1
0,0,1,10948,250,0.0,1
0,0,1,8737,107,0.0,1
1,0,1,13642,431,1.0,0
1,1,0,2539,199,1.0,1
0,0,0,3616,115,0.0,1
0,0,1,10376,253,1.0,0
0,0,0,5518,256,1.0,1
0,0,0,14781,192,1.0,1
0,1,1,11489,361,1.0,1
0,1,0,9046,136,1.0,1
1,0,1,3324,260,0.0,1
0,0,0,5034,450,1.0,1
0,0,1,8170,273,1.0,1
1,1,0,9754,416,1.0,1
1,1,1,9952,524,0.0,1
1,1,1,5071,117,1.0,1
1,1,0,4692,585,1.0,1
0,1,1,6453,466,1.0,1
0,0,1,11180,450,1.0,1
0,1,0,10822,115,1.0,0
0,1,1,5775,459,1.0,0
0,0,1,1854,534,0.0,0
0,1,0,6529,520,1.0,1
1,1,1,4274,369,1.0,1
0,1,0,2088,458,1.0,1
1,0,1,2104,167,1.0,0
1,1,0,11920,129,1.0,0
0,0,0,9865,415,0.0,1
1,0,1,1853,408,1.0,1
0,1,0,12982,324,1.0,0
1,1,1,6934,263,1.0,1
0,1,1,1933,513,0.0,0
1,1,0,12644,419,1.0,1
0,0,1,9950,113,1.0,1
0,1,1,2367,378,1.0,1
0,0,0,12298,531,1.0,1
0,0,1,13337,255,1.0,1
0,0,1,10287,221,1.0,1
1,0,0,7264,362,1.0,1
1,0,1,1893,269,0.0,1
1,1,1,14123,109,0.0,0
0,0,0,11802,551,1.0,1
1,0,1,13556,271,0.0,1
0,1,1,13831,457,1.0,1
0,1,0,11892,112,0.0,1
1,0,1,13689,312,1.0,0
1,0,1,13545,260,1.0,1
0,1,0,14641,331,1.0,1
1,0,0,5254,575,1.0,1
0,1,1,5870,570,1.0,1
0,1,1,13121,259,1.0,1
0,0,0,6021,226,1.0,1
0,1,1,9199,147,1.0,1
0,0,1,6078,360,1.0,0
1,0,1,9905,160,1.0,0
1,0,0,3626,221,1.0,1
0,1,1,9830,189,1.0,0
0,0,1,14737,458,1.0,1
1,1,0,5693,354,1.0,1
1,0,0,5460,189,0.0,1
0,0,0,2163,102,1.0,1
1,1,1,4332,379,1.0,1
0,0,1,10765,216,0.0,0
1,0,0,6074,197,0.0,1
0,1,1,7871,261,1.0,1
1,1,1,13714,439,1.0,0
0,1,1,9124,474,0.0,1
1,0,1,7792,577,0.0,1
1,1,0,6677,397,1.0,1
0,1,0,9853,503,1.0,1
1,0,1,8506,396,1.0,1
0,1,0,11192,181,1.0,1
1,0,1,4678,457,0.0,1
0,0,1,7046,247,1.0,1
1,1,0,5990,105,1.0,1
0,0,0,6396,477,1.0,0
1,1,1,1685,284,0.0,1
0,1,1,6153,525,1.0,0
1,1,1,3480,351,1.0,0
0,1,1,6041,124,1.0,1
0,0,0,9308,140,1.0,0
0,0,0,13680,268,1.0,1
1,1,1,2329,102,1.0,0
0,1,1,5019,463,1.0,1
1,0,0,9508,270,1.0,1
0,1,1,13203,529,0.0,1
1,0,0,13020,156,1.0,1
0,1,1,13040,182,1.0,1
1,0,0,7409,429,1.0,1
1,0,1,12177,278,1.0,0
0,0,1,14303,232,1.0,1
1,1,1,14734,185,1.0,0
1,1,0,2725,556,1.0,1
0,1,0,7274,452,0.0,1
1,1,1,14543,370,1.0,0
1,1,1,4344,443,1.0,1
1,0,1,8847,193,0.0,1
0,0,1,4233,481,1.0,0
1,0,0,5920,455,1.0,1
0,0,0,5496,349,1.0,1
1,0,0,12362,394,1.0,0
1,0,1,14474,297,1.0,0
1,0,1,11190,178,1.0,0
0,1,0,3188,265,1.0,0
1,0,1,3947,138,1.0,1
1,1,0,2367,407,1.0,1
0,0,0,14004,313,0.0,0
1,0,0,8452,230,1.0,1
0,1,0,12700,256,1.0,1
0,0,1,13216,576,0.0,1
1,1,0,14788,481,1.0,0
0,0,1,7584,258,1.0,1
1,1,0,14719,592,1.0,1
0,0,0,11704,421,0.0,1
0,1,0,9931,326,1.0,0
1,1,0,6805,144,0.0,0
0,0,1,9739,300,1.0,1
0,0,1,5549,121,1.0,1
0,1,1,4957,438,1.0,0
0,0,1,12971,341,1.0,0
0,1,0,4728,328,1.0,1
1,0,1,2748,493,0.0,0
0,1,1,2667,337,1.0,0
1,0,0,4990,248,1.0,1
0,1,1,14662,372,0.0,1
1,0,1,3397,166,1.0,0
1,1,1,13228,106,0.0,1
0,1,1,3679,332,1.0,1
0,0,0,14412,456,1.0,0
0,0,0,7455,391,0.0,1
1,1,1,11662,355,0.0,1
0,1,0,14388,166,1.0,0
1,1,1,4220,349,1.0,1
1,1,1,12073,176,1.0,1
1,0,1,3443,588,1.0,1
0,1,0,12838,513,0.0,1
0,1,0,7412,186,1.0,0
1,1,0,13175,351,0.0,0
1,0,0,9186,554,1.0,1
0,1,0,5196,321,1.0,1
1,0,0,4325,512,0.0,0
0,0,1,11519,171,1.0,1
1,0,0,9914,301,0.0,1
0,0,1,3246,516,1.0,0
1,0,1,2029,158,1.0,1
0,0,0,7884,375,1.0,1
1,0,1,9825,320,0.0,0
0,1,1,13495,256,1.0,0
0,1,1,5986,280,1.0,1
1,0,0,1601,312,1.0,0
1,1,0,5223,228,1.0,1
0,1,1,4228,342,1.0,1
1,0,0,4045,517,1.0,0
0,1,1,4058,271,1.0,1
1,0,0,8346,579,1.0,1
0,1,1,12733,464,0.0,1
0,0,1,11692,369,0.0,1
0,0,0,2448,520,1.0,1
0,1,0,11260,262,1.0,0
0,1,0,6436,542,1.0,1
0,0,0,3553,123,1.0,1
1,0,0,12697,596,0.0,1
1,0,1,1693,292,1.0,1
1,1,1,10433,465,1.0,1
0,1,1,8804,489,0.0,1
0,1,0,13598,596,1.0,1
0,1,0,4459,551,1.0,1
0,0,1,14260,393,1.0,0
1,0,1,11955,228,1.0,1
1,0,1,9674,140,1.0,1
0,0,1,13112,130,1.0,1
1,1,0,4423,135,1.0,1
1,0,1,12946,556,0.0,1
0,0,0,4739,460,1.0,1
1,1,1,5365,352,1.0,1
0,1,0,9729,537,1.0,1
1,0,0,11390,464,1.0,1
0,1,0,6066,314,1.0,1
0,0,0,8095,386,1.0,1
0,1,1,13718,355,1.0,0
0,1,1,7109,512,1.0,0
1,0,1,4713,468,1.0,0
0,1,0,6608,568,0.0,1
0,0,1,3283,486,1.0,1
0,1,1,11658,285,0.0,1
1,1,1,9794,573,1.0,1
0,1,0,7330,160,1.0,1
1,1,0,7331,361,1.0,1
0,1,0,1541,375,0.0,1
1,0,1,12686,210,0.0,1
1,1,1,12910,416,0.0,1
0,0,1,7709,529,0.0,1
1,1,0,12682,240,1.0,1
0,0,1,13980,332,0.0,1
0,1,0,13061,122,0.0,1
0,0,0,2561,178,1.0,1
1,0,0,12241,593,0.0,1
1,1,0,11368,130,1.0,1
0,1,1,5189,103,0.0,1
0,1,1,9095,558,0.0,1
1,0,0,8307,217,0.0,0
0,0,1,5497,165,0.0,0
0,1,0,1825,499,1.0,0
0,1,1,8705,470,1.0,1
1,0,1,2620,386,1.0,1
1,0,0,1607,275,1.0,1
1,1,0,12370,222,1.0,0
0,0,0,7794,330,1.0,0
0,1,0,6693,142,1.0,0
0,1,1,8724,591,1.0,1
1,1,0,10026,103,0.0,1
0,0,1,3539,289,1.0,1
0,0,0,2303,403,1.0,0
0,0,1,11540,511,1.0,1
0,0,0,2266,349,1.0,1
1,1,1,5027,243,1.0,1
1,0,1,3806,586,1.0,0
0,1,1,12521,444,1.0,1
1,1,0,2988,481,1.0,0
1,1,0,5629,432,1.0,1
0,0,0,13258,552,1.0,1
0,1,0,3873,257,0.0,1
1,1,1,10528,164,1.0,0
0,0,1,4809,424,1.0,0
1,1,1,8334,369,0.0,1
0,0,0,7235,174,1.0,1
1,0,1,13304,517,1.0,1
0,0,1,6334,539,1.0,1
1,1,0,12483,128,1.0,1
1,0,0,8490,565,1.0,1
1,0,1,13904,434,0.0,1
0,0,0,5483,337,1.0,1
1,0,0,5268,252,1.0,0
1,1,0,3004,193,1.0,0
0,0,0,8293,336,1.0,1
0,1,1,3950,421,1.0,1
1,0,1,12736,214,1.0,0
1,1,1,3533,395,1.0,1
0,0,1,9502,318,1.0,1
0,1,1,11391,345,0.0,0
0,0,0,7519,596,1.0,0
0,1,1,11972,498,0.0,0
0,1,1,2807,131,0.0,1
1,1,0,12219,119,1.0,1
0,0,0,13530,152,1.0,1
1,1,0,2475,305,1.0,1
1,1,1,11748,318,0.0,1
1,1,0,14502,294,1.0,1
0,1,0,12118,404,0.0,1
1,0,0,13366,294,1.0,1
1,1,1,12120,560,0.0,0
0,1,0,6439,444,1.0,1
1,1,0,5233,181,0.0,1
1,0,1,10051,100,1.0,1
0,1,0,3723,266,1.0,1
1,1,1,1984,416,1.0,1
1,1,1,2928,282,1.0,0
1,1,0,3580,552,1.0,1
0,0,1,2195,485,1.0,1
0,1,0,7800,449,1.0,1
0,1,0,6160,372,1.0,1
1,0,0,1701,256,1.0,1
1,0,0,13549,472,1.0,0
0,0,1,10890,461,0.0,0
1,1,0,10959,487,1.0,0
1,0,0,12662,300,1.0,1
0,1,0,9765,291,1.0,0
0,0,1,9787,440,0.0,1
1,1,1,13960,398,1.0,0
1,0,0,4977,175,0.0,1
1,1,1,3702,239,1.0,0
0,0,1,8990,405,0.0,1
0,1,0,9949,295,1.0,0
0,1,0,13350,160,0.0,1
0,1,0,7817,575,1.0,1
1,1,0,5925,556,1.0,1
0,1,0,6850,459,1.0,1
0,1,1,4306,406,0.0,1
0,1,0,8663,579,1.0,1
0,1,0,13948,432,0.0,1
0,0,0,1685,453,1.0,1
1,1,0,9570,182,1.0,1
1,1,0,9834,433,1.0,1
0,0,1,13045,104,1.0,1
1,1,0,8550,318,0.0,1
0,0,1,10331,511,1.0,1
0,1,0,13441,353,1.0,0
1,0,0,3574,573,1.0,0
1,0,0,9154,493,1.0,0
0,1,1,13660,187,1.0,1
0,0,0,1701,308,0.0,0
0,1,0,12784,279,1.0,1
1,1,0,7210,307,0.0,1
0,1,0,4665,372,1.0,0
0,1,0,12771,164,1.0,0
0,0,0,14259,479,0.0,0
1,1,0,3602,120,1.0,1
0,0,1,10602,537,1.0,1
0,0,0,3071,466,1.0,1
1,1,0,6625,276,1.0,1
0,1,0,13140,462,0.0,0
0,1,1,8197,121,1.0,1
1,1,1,6669,424,0.0,1
0,0,0,3659,547,1.0,1
1,1,1,14017,135,1.0,1
1,0,0,12236,349,1.0,0
0,1,0,2829,248,0.0,1
0,1,1,5113,539,0.0,1
0,1,0,10152,172,1.0,1
0,1,1,10498,190,1.0,1
1,0,1,5199,275,1.0,0
0,0,1,7527,225,0.0,1
1,1,0,3773,303,0.0,1
0,0,0,9750,501,1.0,1
0,0,0,14887,345,1.0,0
0,1,0,12167,198,1.0,1
1,1,0,6323,370,1.0,0
0,0,0,10847,597,0.0,1
0,0,0,8575,143,1.0,0
0,0,1,1997,321,0.0,1
0,0,0,8459,528,1.0,1
1,1,0,14697,196,1.0,1
0,1,0,7710,135,1.0,1
1,0,1,14017,267,1.0,1
1,1,1,8626,534,1.0,1
1,0,1,14120,129,1.0,1
1,0,0,5476,381,0.0,1
1,1,1,7920,184,1.0,1
1,0,1,3107,456,0.0,0
0,0,0,10412,590,0.0,1
1,1,0,2774,220,1.0,0
1,1,0,13559,386,1.0,1
1,0,1,2190,347,1.0,1
0,0,0,5523,283,1.0,1
0,1,0,8747,352,1.0,1
1,0,0,13844,544,1.0,1
0,0,0,4937,372,1.0,0
1,1,0,3855,308,0.0,1
1,1,0,7081,453,1.0,0
0,1,1,2249,481,0.0,1
1,1,0,4551,123,1.0,1
0,1,1,14465,221,0.0,0
0,1,1,9263,324,1.0,0
1,0,0,5064,487,1.0,1
1,0,1,14347,492,1.0,1
0,1,1,7258,485,1.0,1
1,1,1,3204,518,1.0,1
1,0,0,13137,222,0.0,1
1,0,1,7574,393,1.0,0
0,0,1,14136,272,1.0,1
0,1,1,14878,242,1.0,1
1,1,1,3877,590,1.0,1
0,0,0,9519,525,1.0,1
0,1,0,6774,486,0.0,0
0,1,1,4731,514,1.0,1
0,1,0,7909,535,1.0,1
0,0,0,3715,268,1.0,1
1,0,1,7788,156,0.0,1
1,1,0,7829,141,1.0,1
1,1,0,2385,408,1.0,0
0,1,1,2364,218,1.0,1
0,1,1,8417,220,0.0,0
1,1,0,13186,411,1.0,1
0,0,0,4554,350,1.0,0
1,1,0,10477,442,1.0,1
1,1,0,10148,431,0.0,1
1,1,1,10036,555,1.0,1
0,0,1,2053,536,0.0,1
0,0,1,6616,440,1.0,1
1,1,1,9183,440,1.0,0
1,0,1,2287,515,0.0,1
1,0,0,11511,436,1.0,1
1,0,0,10396,281,1.0,1
0,0,1,14915,264,1.0,1
0,0,1,6407,571,1.0,0
1,0,1,8690,363,0.0,1
1,1,0,10644,309,0.0,1
0,0,0,2314,110,1.0,1
0,0,0,11240,281,0.0,1
1,1,1,9835,543,0.0,1
1,1,1,4277,350,0.0,1
1,1,1,5266,237,1.0,0
0,1,1,6458,317,1.0,0
0,0,1,5325,338,0.0,0
0,0,0,2716,553,1.0,0
1,0,1,11499,470,0.0,1
1,0,0,5970,436,1.0,1
0,1,0,14464,186,1.0,1
0,0,0,12431,397,1.0,1
1,0,0,8272,392,1.0,1
0,1,0,10981,191,0.0,1
0,0,1,9217,307,1.0,1
1,0,1,10247,303,1.0,1
0,0,1,2362,285,1.0,1
1,0,0,7717,184,1.0,1
1,1,0,12177,414,1.0,0
1,1,0,14668,251,0.0,0
1,1,0,7438,255,0.0,1
1,1,0,3855,392,1.0,0
1,1,0,10657,120,0.0,1
1,0,1,3895,260,0.0,1
0,0,0,10167,485,1.0,1
1,1,0,11030,584,1.0,1
1,1,1,2024,438,1.0,1
0,1,0,12263,255,1.0,1
0,0,1,2061,242,1.0,0
0,1,1,9667,356,1.0,0
1,0,1,9613,206,1.0,1
0,0,0,8916,383,0.0,1
1,0,1,13394,149,0.0,1
1,0,1,6164,134,1.0,0
1,1,0,2705,323,0.0,1
1,0,1,13725,255,0.0,1
0,0,0,13539,492,1.0,0
0,1,0,13893,507,1.0,1
1,0,1,3738,290,1.0,1
1,0,0,2660,487,1.0,0
1,0,0,14487,283,1.0,1
0,1,1,6739,336,1.0,1
1,0,1,13517,396,1.0,1
1,0,1,8474,422,1.0,1
0,1,1,1571,403,0.0,0
0,1,0,2254,441,1.0,1
1,0,1,8798,587,1.0,0
0,0,1,8100,157,0.0,1
0,1,1,13544,138,1.0,1
1,0,0,10596,340,1.0,1
0,1,0,9652,124,0.0,0
1,0,0,9743,415,0.0,1
0,1,0,14791,595,1.0,1
1,0,0,4121,216,1.0,1
1,1,1,4690,441,1.0,0
1,1,0,5448,469,1.0,0
0,1,0,2787,339,1.0,1
1,1,0,6858,274,1.0,1
0,1,1,9018,581,0.0,1
1,0,1,8536,544,1.0,1
1,0,0,6280,439,1.0,1
0,1,1,3272,327,1.0,1
1,0,0,5402,584,0.0,0
1,0,1,7226,586,0.0,1
0,0,1,13612,352,1.0,1
1,0,0,7700,510,1.0,0
1,0,1,10641,479,1.0,0
1,0,0,4638,210,0.0,1
1,1,0,8713,340,1.0,1
0,0,0,3916,323,1.0,1
0,0,1,11971,397,1.0,1
1,0,1,11117,151,1.0,1
0,1,0,8551,320,1.0,0
1,0,0,3084,588,0.0,1
0,0,1,2546,403,1.0,0
1,0,0,8484,387,1.0,1
1,1,1,3665,251,0.0,1
1,0,1,13715,486,0.0,1
1,1,1,7219,217,1.0,0
1,0,0,8722,510,1.0,1
1,1,0,2676,556,0.0,1
0,1,1,7911,523,0.0,1
1,1,0,9574,378,1.0,1
0,0,0,11852,234,0.0,1
1,1,1,10723,308,1.0,1
0,1,1,4788,226,1.0,1
0,1,0,14218,392,1.0,1
0,1,1,2815,106,0.0,1
1,0,0,2392,321,1.0,0
1,0,1,6669,176,1.0,1
0,0,1,9798,437,1.0,0
1,0,0,4580,450,1.0,1
0,1,0,10436,377,0.0,1
1,0,0,7966,433,1.0,1
0,1,0,10313,437,1.0,1
0,0,0,6590,326,0.0,1
1,0,1,5740,500,1.0,1
0,0,1,10512,374,0.0,1
1,1,0,1911,450,1.0,1
0,0,1,9805,394,1.0,1
0,0,0,3946,216,1.0,1
1,0,1,4846,391,1.0,1
1,1,1,13911,370,1.0,1
1,0,0,1585,546,1.0,1
0,0,0,9249,256,0.0,1
1,1,0,5642,159,1.0,1
0,1,1,8587,283,1.0,1
0,0,0,8868,523,1.0,1
1,0,0,11264,243,1.0,1
1,0,0,7334,260,1.0,1
0,1,0,11697,188,0.0,0
0,1,0,13771,115,1.0,1
1,1,0,2303,513,1.0,1
1,0,1,8219,348,1.0,1
1,1,1,13026,197,1.0,0
1,0,1,7585,549,1.0,0
1,1,1,13041,203,1.0,1
0,1,0,10761,399,1.0,1
0,1,0,14979,334,1.0,1
0,0,1,12361,521,1.0,1
0,0,1,13833,406,1.0,1
1,0,1,12463,543,0.0,1
1,0,0,14327,373,1.0,1
1,1,0,5682,360,1.0,0
0,0,0,11100,338,1.0,0
0,1,1,13432,523,1.0,1
1,0,1,1764,361,1.0,0
1,0,1,13540,431,1.0,1
0,1,1,4593,214,1.0,1
0,1,1,6298,367,1.0,1
1,0,0,11165,111,1.0,0
1,0,0,9643,172,1.0,1
0,1,0,13973,461,0.0,0
1,1,0,1825,505,1.0,1
1,1,0,2706,404,1.0,0
1,1,1,14184,277,1.0,0
0,1,0,11196,563,1.0,0
0,0,1,13226,359,1.0,0
0,0,0,2940,533,1.0,1
0,0,1,6684,358,0.0,1
0,0,1,10647,499,1.0,1
0,1,1,10246,369,1.0,1
0,1,1,6636,419,1.0,0
1,1,1,12946,219,0.0,1
1,0,1,13831,268,1.0,0
1,1,0,9640,585,1.0,0
1,1,1,14688,167,1.0,1
1,0,1,7319,158,1.0,1
1,0,0,9569,229,0.0,1
1,0,1,14269,474,1.0,0
0,1,0,3536,365,1.0,1
0,1,0,10978,174,1.0,1
1,0,1,10889,586,1.0,1
1,0,1,7060,189,1.0,1
0,1,0,14353,456,1.0,1
1,0,1,11959,253,1.0,0
1,1,0,5129,487,1.0,1
0,0,1,13157,317,1.0,1
1,0,0,10463,585,1.0,1
0,0,1,6814,127,1.0,1
1,1,1,3956,229,1.0,1
0,1,0,10162,165,1.0,1
0,0,0,2870,243,1.0,1
0,1,0,9129,479,0.0,1
1,0,0,12824,412,1.0,1
0,0,1,10363,506,1.0,1
1,1,0,2674,506,1.0,1
1,1,0,1610,560,1.0,0
1,1,1,5059,376,1.0,1
1,1,1,8192,202,0.0,1
0,0,0,10718,508,0.0,0
0,1,1,13246,413,1.0,1
1,1,0,4733,136,1.0,1
1,0,1,14131,348,1.0,1
0,0,0,2972,532,1.0,1
1,0,1,12071,560,1.0,1
0,0,0,6372,498,1.0,0
1,1,0,12663,255,0.0,1
1,1,1,12073,550,1.0,1
0,0,1,12982,570,1.0,1
1,0,0,6253,231,1.0,0
0,1,0,3333,146,1.0,1
1,1,1,7428,533,1.0,0
1,1,1,10145,543,1.0,1
1,1,1,8316,545,1.0,1
0,1,1,2240,294,0.0,1
1,0,1,8756,202,1.0,0
1,0,1,3880,427,1.0,1
1,0,1,12049,270,0.0,0
1,0,1,11135,188,1.0,1
0,1,1,5180,345,1.0,0
0,0,0,11440,157,1.0,0
1,1,1,3901,204,1.0,1
0,1,1,14611,279,1.0,0
1,1,0,12863,559,0.0,0
1,1,0,13932,168,1.0,1
1,1,0,8677,580,0.0,0
0,1,0,3506,401,1.0,1
0,1,0,14855,252,0.0,0
0,0,0,11478,124,1.0,1
0,1,1,2909,476,1.0,1
0,0,0,3262,134,1.0,0
0,0,0,2409,544,0.0,1
0,1,0,2260,114,0.0,1
0,1,1,8138,205,1.0,1
0,0,0,7112,317,1.0,0
1,0,1,4740,483,0.0,1
0,0,0,12381,173,0.0,1
0,0,0,2030,443,1.0,1
0,1,1,11051,518,1.0,1
0,1,1,13510,384,1.0,1
0,1,0,11719,137,1.0,1
0,0,1,4060,296,0.0,1
0,1,1,3677,379,1.0,0
0,0,0,6603,374,1.0,0
0,1,0,9206,273,0.0,0
0,0,0,3037,404,1.0,0
0,1,1,10965,143,0.0,1
1,1,0,4281,556,1.0,1
1,0,0,2446,253,0.0,0
0,0,1,6757,252,1.0,1
0,0,1,10990,390,1.0,1
1,0,0,6597,597,1.0,1
0,0,1,4011,519,1.0,1
1,1,0,3688,241,1.0,1
1,0,1,7563,355,1.0,1
1,1,0,2381,411,1.0,0
1,1,1,3347,233,1.0,1
1,1,1,8099,131,1.0,1
0,1,1,3475,125,0.0,1
1,1,1,8077,498,1.0,0
0,0,0,7226,354,0.0,1
0,0,1,13960,532,1.0,1
1,1,0,6068,322,0.0,1
1,1,1,8663,155,1.0,1
0,0,1,12656,392,1.0,1
1,0,0,8082,224,1.0,1
1,1,1,12755,329,1.0,1
0,0,1,12820,152,1.0,1
0,0,0,10189,541,1.0,1
1,0,1,3716,200,1.0,1
0,1,0,10680,566,1.0,1
1,0,1,7201,433,1.0,0
1,1,1,9517,391,1.0,0
1,1,1,4108,456,1.0,1
0,1,0,12167,366,1.0,1
0,1,1,14206,382,0.0,0
0,1,1,11062,101,1.0,0
0,0,1,13280,121,0.0,0
0,1,1,12194,165,1.0,1
1,1,1,6309,311,0.0,1
1,1,1,7845,335,1.0,0
1,0,1,1678,467,1.0,1
1,0,1,9271,116,1.0,1
0,0,1,9471,487,1.0,0
1,0,0,3429,113,1.0,0
0,0,1,14733,106,0.0,0
1,0,0,4048,434,0.0,1
0,0,0,6334,321,1.0,1
0,1,0,1611,499,0.0,1
1,1,1,12911,203,0.0,0
1,0,0,9448,549,1.0,1
1,1,0,2214,502,0.0,1
1,1,0,11093,100,1.0,0
0,0,1,12616,386,1.0,1
1,1,0,7534,483,1.0,0
1,1,1,2881,346,0.0,1
0,0,0,4627,487,1.0,1
1,1,0,14600,190,1.0,1
1,0,1,8983,413,1.0,1
1,0,1,12703,411,1.0,1
1,1,0,2708,536,1.0,1
1,1,0,12817,572,1.0,1
0,1,0,1536,313,1.0,1
1,0,1,3328,142,1.0,1
1,0,1,12752,173,1.0,0
1,0,0,4841,341,0.0,0
1,1,0,8506,580,0.0,1
1,1,1,9175,148,1.0,1
0,0,1,6847,467,1.0,0
1,1,0,13633,463,0.0,1
0,1,1,9390,415,1.0,0
0,0,0,2309,321,1.0,1
1,0,1,12764,449,1.0,1
1,1,0,5618,243,1.0,0
1,0,0,3026,428,1.0,1
1,1,0,13211,308,1.0,1
0,0,1,14583,198,1.0,1
1,0,0,1995,287,1.0,1
1,0,0,14687,213,0.0,0
1,1,1,1924,274,1.0,1
1,1,0,4247,370,1.0,1
1,0,0,11757,162,1.0,0
1,0,0,3482,595,1.0,1
0,0,1,2968,383,1.0,1
0,1,1,9228,503,1.0,1
1,0,1,8270,324,1.0,0
1,0,1,13492,546,1.0,1
1,0,0,2733,260,1.0,0
0,0,1,11489,135,0.0,1
1,1,1,10256,480,0.0,1
0,1,1,4519,240,0.0,0
1,0,0,2804,417,0.0,1
1,1,0,9534,295,1.0,1
1,1,0,1632,250,0.0,0
1,1,1,1948,555,1.0,1
0,0,0,7907,368,1.0,0
0,1,0,11522,443,1.0,1
1,1,1,11850,139,0.0,1
1,1,0,13318,337,1.0,1
0,0,1,2349,513,1.0,0
0,0,1,6857,479,0.0,1
0,1,0,5462,321,1.0,1
0,1,1,11172,380,1.0,1
1,0,1,10592,324,1.0,0
0,0,1,6354,556,0.0,0
1,1,1,3039,253,0.0,0
0,1,1,3399,379,0.0,0
0,0,1,4444,452,1.0,1
0,0,0,6457,138,1.0,0
0,1,1,7443,316,1.0,1
0,0,1,4744,343,1.0,0
1,1,1,7836,208,1.0,1
1,1,1,10206,562,1.0,1
0,1,0,14755,160,0.0,1
0,0,0,3091,588,0.0,0
1,1,1,9453,595,1.0,0
0,1,0,9355,532,1.0,1
0,0,1,9295,524,1.0,1
1,0,1,9775,297,1.0,0
0,1,1,5242,375,1.0,1
0,1,1,14585,271,1.0,1
1,0,0,3627,371,0.0,0
1,0,0,3101,504,1.0,0
1,0,1,14309,370,1.0,1
0,1,1,2722,522,1.0,1
1,1,0,7190,141,1.0,1
1,1,0,14021,288,1.0,1
1,0,1,3342,359,0.0,1
1,1,0,11983,251,1.0,0
1,0,1,9558,230,0.0,1
1,1,0,11281,213,1.0,1
0,0,0,7065,484,1.0,1
0,1,0,12588,321,0.0,1
1,1,0,5988,496,1.0,1
1,0,1,9700,153,1.0,0
1,0,1,14400,437,1.0,1
0,1,0,8450,395,1.0,0
0,0,1,10406,482,1.0,1
0,0,0,3427,494,0.0,1
0,1,0,9801,141,0.0,1
0,0,1,6429,192,1.0,1
0,1,1,9957,359,0.0,1
0,1,1,6992,380,0.0,1
0,0,0,4723,455,1.0,1
0,0,1,7627,519,1.0,1
1,1,1,6571,291,1.0,1
1,1,1,2454,224,1.0,1
1,1,1,8550,527,1.0,1
1,1,0,11041,395,1.0,1
0,1,0,3074,447,0.0,1
0,1,0,11915,528,1.0,1
1,0,0,8168,491,0.0,1
0,0,0,8595,440,1.0,0
1,0,0,13523,134,1.0,1
0,1,0,9220,527,1.0,1
1,0,1,4755,501,0.0,0
0,1,0,2558,146,1.0,1
0,1,0,3457,252,1.0,1
1,0,0,8148,337,1.0,0
0,1,0,6444,524,1.0,1
1,1,1,6558,104,1.0,1
1,1,0,12839,547,1.0,0
1,1,0,4019,545,0.0,1
1,1,1,13345,224,1.0,1
0,1,0,9413,466,1.0,1
0,0,0,4070,427,0.0,0
0,1,0,12619,186,1.0,1
1,1,0,8950,102,0.0,0
0,1,0,5387,591,1.0,1
1,1,0,9203,264,0.0,1
0,0,0,7917,322,1.0,1
0,0,1,10579,448,1.0,1
0,1,1,2244,396,1.0,0
1,1,0,7920,503,1.0,1
0,1,1,5014,550,1.0,1
0,0,0,4430,442,0.0,1
1,0,1,7037,523,1.0,0
0,0,0,12371,440,0.0,1
1,0,1,8213,560,1.0,1
0,1,0,1675,491,1.0,0
1,0,1,2065,488,1.0,1
1,0,1,4717,124,1.0,1
0,1,0,5857,138,1.0,0
1,1,0,14318,520,0.0,1
1,0,1,7473,480,1.0,0
1,0,1,11086,204,1.0,1
1,0,0,7302,104,1.0,1
1,0,1,8534,235,1.0,1
1,1,0,10912,591,0.0,1
0,1,1,2447,103,1.0,1
1,0,1,10276,268,1.0,1
1,0,0,12554,415,1.0,1
0,0,0,11312,409,1.0,1
0,0,0,4855,505,1.0,1
0,0,1,12041,177,1.0,1
0,1,1,6751,118,0.0,1
0,1,1,4691,304,1.0,1
0,1,0,7347,454,1.0,0
0,0,1,12899,423,0.0,1
1,0,1,8216,132,1.0,0
1,1,0,12268,249,0.0,1
0,1,1,2031,292,1.0,1
1,0,1,2731,238,1.0,1
1,1,0,11685,371,1.0,1
1,0,0,3197,295,1.0,0
0,0,0,4870,226,0.0,1
0,1,0,3045,448,1.0,1
1,1,0,12857,330,0.0,1
0,1,0,2937,143,0.0,0
1,0,0,10062,329,1.0,1
1,0,0,6004,315,0.0,1
1,1,0,7002,343,1.0,0
1,0,1,9108,108,1.0,0
0,0,0,7497,349,1.0,1
0,0,0,7066,299,1.0,1
0,1,1,9286,433,0.0,1
1,0,0,10308,178,0.0,1
0,1,1,5666,344,0.0,1
1,1,1,5514,289,0.0,0
0,0,0,13871,185,1.0,1
1,1,1,3756,584,1.0,0
1,0,0,5854,370,1.0,1
1,1,0,4810,361,0.0,0
0,1,1,8899,100,1.0,1
0,0,1,2431,119,0.0,0
0,1,1,3829,588,0.0,1
0,1,0,1893,519,1.0,1
1,1,0,3965,229,1.0,1
0,0,1,4777,425,1.0,0
0,0,0,6930,357,0.0,1
1,1,0,8502,230,0.0,0
1,1,1,11621,106,1.0,1
1,1,1,10317,439,0.0,0
0,0,1,7488,340,1.0,0
1,0,1,9009,291,1.0,1
1,1,1,7432,524,1.0,1
1,0,1,14349,409,1.0,1
0,0,1,12571,396,1.0,1
1,0,1,12858,214,0.0,1
0,0,1,14728,488,0.0,1
0,1,1,13114,572,1.0,1
1,0,0,11801,201,0.0,1
1,0,0,10857,437,1.0,1
0,1,1,4281,418,0.0,1
1,1,0,11583,100,1.0,1
1,0,0,12874,124,1.0,0
0,0,0,3139,308,1.0,1
0,1,0,10473,529,0.0,1
1,1,0,14384,242,1.0,1
0,1,0,11748,296,1.0,1
1,0,1,12015,244,1.0,1
1,0,1,3774,248,1.0,1
1,1,0,11925,280,1.0,1
0,0,0,12330,154,1.0,1
1,1,1,12979,570,1.0,1
1,0,0,3980,462,1.0,1
1,1,0,12308,237,1.0,0
0,1,0,8299,308,1.0,1
0,0,0,10047,284,1.0,1
0,0,0,14179,164,1.0,1
0,0,1,6174,136,1.0,0
0,0,1,13038,211,1.0,1
1,0,0,5022,362,1.0,1
0,0,1,12159,175,1.0,1
0,1,0,7604,395,1.0,0
0,0,0,7319,277,1.0,1
1,1,0,1663,353,1.0,1
0,1,0,8422,100,1.0,1
0,0,0,13326,247,1.0,1
1,1,0,14425,463,1.0,1
0,1,0,13355,258,1.0,1
1,0,0,12946,423,1.0,0
1,0,0,4881,573,0.0,1
1,0,1,3564,367,1.0,0
1,1,0,8089,249,1.0,1
1,0,1,13957,228,1.0,1
0,0,1,8947,225,1.0,1
1,0,0,5484,100,1.0,1
1,0,1,5387,486,1.0,0
0,1,0,1839,216,1.0,1
1,0,0,6321,559,0.0,0
0,1,0,5281,248,1.0,1
0,0,0,5090,368,1.0,1
0,1,1,11625,288,1.0,1
1,1,1,6630,240,1.0,0
1,1,0,9191,204,1.0,1
1,0,1,11337,565,1.0,0
0,1,1,13920,351,1.0,0
1,0,1,12379,516,1.0,1
1,0,0,8815,489,1.0,0
1,0,1,9233,380,1.0,1
0,0,1,14610,506,0.0,0
0,0,1,6549,443,0.0,0
1,1,0,11818,200,0.0,1
1,0,1,14133,381,1.0,1
1,1,1,6204,487,1.0,0
1,1,0,2138,457,1.0,1
0,1,1,9209,262,1.0,1
0,1,0,6643,596,1.0,1
0,1,0,2724,302,1.0,1
0,1,0,13397,199,1.0,0
1,1,0,13602,380,1.0,1
1,0,0,5745,503,1.0,0
1,1,0,11241,356,1.0,1
0,0,1,6923,193,1.0,1
1,1,0,13837,423,1.0,1
0,1,1,8107,378,1.0,0
0,1,1,8907,326,1.0,1
1,1,0,11197,461,1.0,1
1,0,1,9573,249,0.0,0
1,0,1,9652,450,1.0,0
0,0,1,14122,161,1.0,0
1,1,0,11067,228,1.0,0
0,1,1,10359,286,0.0,0
1,1,1,7268,167,1.0,0
0,0,0,3874,502,1.0,1
0,1,1,5590,129,1.0,1
1,0,1,2515,484,0.0,1
0,0,1,1835,403,1.0,0
0,1,0,14453,374,1.0,1
1,1,1,1580,226,1.0,0
0,0,1,3634,535,1.0,1
1,0,0,11491,312,1.0,0
0,0,0,1757,505,1.0,1
1,1,0,14778,405,0.0,0
1,1,1,1684,549,1.0,1
0,1,0,8341,233,1.0,0
0,1,0,1622,547,1.0,1
0,1,0,9556,504,1.0,1
0,1,1,8763,580,1.0,1
0,0,0,6200,502,1.0,1
1,0,0,8158,318,1.0,1
0,0,0,14691,520,1.0,0
1,1,0,5014,418,0.0,1
1,0,0,7133,256,0.0,1
0,1,1,7577,287,1.0,1
1,1,1,2894,575,1.0,1
1,0,0,3852,261,0.0,0
1,1,0,12911,228,1.0,1
1,0,0,11000,403,1.0,0
0,0,1,7461,188,1.0,0
1,1,1,5444,482,1.0,0
0,0,1,11633,504,0.0,1
0,0,1,7905,261,0.0,0
1,0,0,1990,509,1.0,1
0,0,0,2554,135,1.0,1
0,1,0,2201,326,1.0,1
0,0,0,4434,250,1.0,1
1,0,1,6887,180,1.0,0
0,0,0,7537,146,0.0,1
0,1,1,6195,589,1.0,0
0,0,1,10826,303,1.0,1
1,1,0,9771,527,1.0,0
0,0,1,10527,247,0.0,1
1,0,1,10343,330,1.0,0
1,0,0,1916,126,1.0,0
1,1,1,7066,589,1.0,1
1,1,1,6673,288,1.0,1
1,1,0,7499,264,1.0,0
1,1,1,13372,311,0.0,1
0,1,1,5366,407,1.0,1
1,1,0,10437,174,1.0,0
0,0,1,3502,191,0.0,1
0,1,0,1739,161,0.0,1
1,0,1,12585,165,1.0,1
0,1,1,3444,507,1.0,1
0,1,0,8061,179,0.0,1
0,1,0,10547,239,1.0,0
0,0,1,13207,499,1.0,0
1,1,0,12338,519,1.0,1
0,1,1,7367,229,1.0,1
1,0,0,4694,572,1.0,1
0,0,1,14207,353,1.0,0
0,0,1,9233,545,1.0,1
1,0,1,7859,419,1.0,0
0,1,1,9087,128,0.0,1
0,0,1,6304,575,0.0,1
0,1,0,12290,301,0.0,1
1,1,0,2853,336,1.0,1
0,0,1,11727,186,1.0,1
1,1,1,4380,195,0.0,0
0,0,0,2179,386,0.0,0
1,1,0,10178,438,0.0,0
1,0,0,5120,498,1.0,1
0,0,0,13342,538,1.0,1
0,0,0,14410,388,1.0,1
1,0,1,11130,351,1.0,1
1,0,1,5814,564,1.0,1
0,0,0,8364,279,1.0,1
1,1,0,2984,199,1.0,0
0,1,0,2190,503,0.0,1
0,1,0,9583,172,1.0,0
0,0,0,7625,521,1.0,0
0,1,0,10704,230,1.0,1
1,0,0,8168,281,0.0,0
0,1,0,14234,293,1.0,1
1,1,0,3847,117,0.0,1
0,0,1,5208,570,1.0,1
1,1,0,14162,225,1.0,1
0,1,0,7876,310,1.0,1
1,1,1,9430,106,0.0,1
1,0,1,11614,518,1.0,0
0,1,1,2137,479,1.0,0
0,0,0,7366,213,1.0,1
0,1,0,8293,439,1.0,1
0,1,0,4508,183,0.0,1
1,1,0,8716,438,1.0,1
0,1,1,11925,460,1.0,1
1,0,0,8872,563,1.0,1
1,1,0,11817,201,1.0,1
0,0,1,7100,568,1.0,1
1,0,0,13149,192,1.0,1
1,1,0,13981,591,1.0,1
1,1,0,12866,415,1.0,1
1,0,0,13380,201,0.0,0
0,0,1,2899,592,1.0,0
0,1,1,12026,350,1.0,1
0,1,1,9503,123,1.0,1
0,1,1,3005,584,1.0,1
1,1,0,7342,576,1.0,1
1,1,0,9941,578,1.0,0
0,0,0,6820,464,0.0,1
0,1,1,10227,599,0.0,0
0,1,1,13224,266,0.0,1
1,0,1,7943,239,1.0,0
0,1,0,5049,193,1.0,1
0,1,0,14894,280,0.0,1
0,0,1,8452,163,1.0,1
1,1,1,10149,103,1.0,0
1,0,0,4238,193,1.0,1
1,1,0,4869,488,1.0,1
1,1,0,5635,371,1.0,0
1,1,1,9483,382,0.0,1
1,0,1,13388,231,1.0,1
1,0,1,4911,171,1.0,0
1,0,1,7135,403,1.0,1
0,0,0,5569,491,1.0,1
0,1,0,7751,180,1.0,1
1,0,0,13079,273,1.0,1
1,0,1,4685,399,1.0,1
0,0,0,4738,550,1.0,1
1,1,0,9952,574,1.0,1
1,1,0,7237,151,1.0,1
1,0,0,10939,389,1.0,0
0,0,0,13025,545,1.0,0
0,1,1,13014,336,1.0,0
0,0,0,4073,376,1.0,1
0,0,0,8353,590,1.0,0
0,0,1,1625,379,1.0,1
1,0,1,10921,143,1.0,1
0,1,0,12903,469,0.0,1
1,1,0,12825,353,1.0,0
1,1,0,2806,524,1.0,1
0,0,0,3601,512,0.0,1
0,0,1,1635,458,1.0,0
1,1,0,12069,233,1.0,0
1,1,1,8811,155,1.0,1
1,1,0,2959,113,1.0,1
0,0,0,5731,277,1.0,1
0,1,0,9156,561,1.0,1
0,0,1,2312,200,1.0,0
0,0,0,9400,279,1.0,0
0,1,0,10543,571,1.0,1
1,1,1,11436,560,1.0,1
0,0,0,11630,356,1.0,1
1,1,1,9068,367,1.0,1
1,1,0,2370,470,1.0,1
1,0,1,10326,461,1.0,1
0,0,1,2168,507,1.0,1
0,0,1,2793,136,1.0,1
0,0,0,12780,567,1.0,0
1,0,1,9960,553,1.0,1
1,1,1,10552,303,1.0,1
1,0,0,10173,568,0.0,1
1,0,1,12982,358,0.0,1
1,0,0,4890,254,0.0,0
1,1,0,10953,337,1.0,1
0,0,1,12024,408,0.0,0
0,0,1,9794,199,1.0,1
0,0,0,13486,372,1.0,1
0,1,1,7049,212,0.0,1
1,0,1,6387,209,0.0,0
1,0,1,5834,242,1.0,0
0,0,1,12384,266,0.0,1
1,1,0,7184,359,1.0,1
0,1,0,13363,244,1.0,1
0,1,1,10573,329,1.0,0
0,1,0,8250,494,0.0,1
1,0,1,3735,367,1.0,1
0,0,1,6483,594,0.0,0
0,1,1,9252,131,1.0,1
0,1,1,12726,510,0.0,0
1,0,0,6519,527,1.0,0
1,0,1,9541,398,1.0,0
0,1,0,14581,318,0.0,0
1,1,1,4077,276,1.0,1
1,1,0,2175,203,1.0,1
1,1,0,3939,335,1.0,1
1,0,0,11373,192,1.0,0
1,1,0,7087,300,1.0,1
1,1,1,7445,398,1.0,1
1,0,0,10968,486,1.0,0
1,0,1,6267,330,0.0,0
1,0,0,8504,512,0.0,1
1,0,0,9228,354,1.0,1
0,0,0,12939,184,1.0,1
0,1,1,8109,134,0.0,1
1,1,0,6434,216,1.0,1
0,1,1,5148,275,0.0,1
0,0,1,8631,557,1.0,1
1,1,1,2812,570,1.0,1
1,0,0,10765,522,1.0,1
1,1,0,5599,572,1.0,0
0,1,0,3154,507,0.0,1
0,0,0,13439,375,1.0,1
1,0,0,13780,498,1.0,1
1,1,0,11585,184,1.0,0
1,1,0,7518,216,1.0,0
0,1,1,2785,461,1.0,1
0,1,0,9352,303,1.0,0
0,1,1,10226,245,1.0,1
0,0,1,8546,543,1.0,1
1,0,0,13139,314,1.0,1
1,0,0,6680,204,1.0,1
1,0,1,2879,448,1.0,1
1,1,1,2145,396,0.0,1
0,1,0,9715,455,1.0,1
0,0,1,6912,168,1.0,1
1,1,1,6152,586,1.0,1
1,0,1,8334,573,1.0,1
0,1,1,5951,354,0.0,1
1,1,0,7603,330,1.0,0
0,1,0,14657,302,0.0,0
1,0,1,8584,461,1.0,1
1,0,1,14362,494,1.0,1
1,0,1,5624,347,0.0,1
1,0,0,1864,539,1.0,0
1,1,0,4155,501,1.0,1
1,1,1,10100,495,1.0,1
1,1,1,8933,348,0.0,1
0,1,1,2814,243,1.0,1
0,0,0,6772,382,1.0,0
0,1,1,1718,455,1.0,1
0,1,1,6203,500,0.0,0
0,1,1,6631,340,1.0,0
1,0,1,3039,440,0.0,0
1,0,1,4933,474,0.0,0
0,0,0,14645,328,1.0,1
1,1,0,3102,130,1.0,1
0,0,0,4204,208,1.0,1
0,1,1,6564,518,1.0,1
1,1,0,5148,126,1.0,1
1,1,1,2605,442,1.0,1
1,0,0,7236,259,1.0,1
0,0,0,7312,116,0.0,1
1,1,1,13103,366,1.0,1
0,1,1,3988,228,0.0,0
0,0,1,10308,319,1.0,0
0,0,0,14013,181,1.0,0
1,0,1,3918,148,1.0,1
1,1,0,1527,140,1.0,1
0,1,0,12747,119,1.0,1
1,1,0,14782,426,1.0,1
1,0,1,9707,136,1.0,1
1,0,1,13040,481,0.0,0
0,0,1,10024,499,1.0,1
0,1,0,14270,138,0.0,1
1,1,0,9477,208,0.0,0
0,0,1,6161,528,1.0,0
1,1,0,11853,163,1.0,0
1,0,0,11777,274,1.0,1
1,1,0,6049,378,1.0,0
1,0,1,5453,131,1.0,1
0,1,0,12481,532,0.0,1
0,1,0,5761,308,1.0,1
0,0,1,9623,478,0.0,1
1,0,1,11944,118,1.0,0
1,0,1,6473,205,1.0,0
1,0,1,9936,581,0.0,1
0,0,1,11586,305,1.0,1
1,1,1,2856,346,0.0,1
0,0,0,10634,422,1.0,1
0,0,0,4967,266,0.0,1
0,0,0,8464,188,0.0,1
0,1,0,8567,415,1.0,1
0,0,1,12884,110,0.0,0
0,0,0,3245,148,1.0,1
1,0,1,14197,498,1.0,0
1,1,1,12049,483,1.0,1
0,1,0,5379,566,1.0,1
0,0,0,5277,160,1.0,0
1,1,1,3615,270,0.0,1
0,0,1,7757,242,1.0,0
0,1,1,3767,306,0.0,0
1,0,1,3767,585,0.0,1
0,1,0,11188,562,1.0,1
0,0,1,12488,300,0.0,0
0,0,0,8586,104,0.0,1
1,1,1,5981,310,1.0,1
1,0,1,8965,571,1.0,0
1,0,1,2429,128,1.0,1
0,0,0,9273,289,1.0,1
0,0,1,4824,287,1.0,1
1,1,0,14192,424,1.0,1
0,0,0,6087,354,1.0,1
0,1,0,1856,249,0.0,1
0,1,1,5810,112,1.0,1
0,1,0,5564,533,1.0,1
0,1,0,6999,471,1.0,0
1,0,1,5341,596,1.0,1
0,0,1,13622,530,1.0,0
1,1,0,14539,465,1.0,1
0,0,0,10518,256,0.0,0
1,1,1,6833,179,1.0,1
0,0,0,14909,455,1.0,1
1,0,0,8171,372,1.0,0
0,0,0,8559,247,0.0,1
1,1,1,2165,305,1.0,0
0,1,0,8353,213,1.0,1
1,0,1,11720,105,0.0,0
0,1,1,13383,377,1.0,1
1,1,1,12274,331,1.0,1
1,0,0,2053,236,1.0,1
0,1,1,10019,259,1.0,1
0,0,0,8545,443,1.0,1
1,0,1,10880,388,1.0,1
0,0,0,8783,304,0.0,0
1,1,0,1649,582,1.0,1
1,0,0,14843,425,1.0,0
1,0,1,14444,404,0.0,0
0,1,0,4353,459,0.0,1
1,1,0,11628,257,0.0,1
1,1,1,14080,457,1.0,1
0,1,1,4236,499,1.0,1
0,0,0,2456,548,0.0,0
0,1,1,12940,205,1.0,1
0,1,1,6680,181,1.0,1
1,1,1,10107,441,1.0,1
1,1,0,13146,573,1.0,1
1,0,1,4145,369,1.0,1
1,1,0,5274,539,0.0,1
0,0,1,6513,520,1.0,0
1,1,1,1584,148,1.0,1
1,0,0,14744,305,1.0,1
0,0,1,3435,317,1.0,0
1,1,1,11108,405,0.0,1
1,0,1,10762,263,0.0,1
1,1,1,13104,535,1.0,1
1,0,0,11213,378,0.0,1
1,0,0,8249,421,1.0,1
1,0,0,3001,330,1.0,1
0,1,0,13783,298,1.0,1
0,0,0,8069,586,0.0,1
1,1,0,3973,528,1.0,1
1,0,0,2235,470,1.0,1
0,0,1,4338,313,1.0,0
1,0,0,4062,383,1.0,0
1,0,0,14940,585,1.0,0
1,0,0,5406,375,1.0,1
0,0,1,2772,532,0.0,1
1,1,0,6336,284,1.0,1
0,1,0,3362,309,1.0,0
1,1,0,5726,220,0.0,1
0,0,1,11455,315,1.0,0
0,1,0,14110,196,0.0,0
1,0,1,10514,542,0.0,1
0,1,1,2042,218,0.0,1
1,1,1,7709,464,1.0,1
0,0,1,4265,381,1.0,1
1,0,0,8768,502,1.0,1
1,1,1,11770,595,1.0,1
0,1,1,2384,205,0.0,1
1,1,0,13978,496,1.0,1
1,1,1,5149,557,1.0,0
0,0,1,14202,417,0.0,0
1,1,1,8390,481,1.0,0
1,0,1,5071,241,1.0,1
0,0,1,5433,556,0.0,1
0,1,1,7356,494,1.0,1
1,0,0,5166,422,1.0,1
1,1,0,14857,587,1.0,1
0,0,0,11413,367,0.0,1
0,0,0,10066,390,1.0,1
1,1,1,2057,586,1.0,1
0,0,1,10972,465,1.0,1
1,0,1,13115,266,1.0,0
1,1,0,7540,259,1.0,0
1,0,0,2628,330,1.0,0
1,0,1,2860,113,1.0,1
1,1,1,13289,591,0.0,0
0,1,0,6920,292,0.0,1
0,0,0,10792,254,1.0,1
0,0,0,11226,200,0.0,0
0,0,0,6849,159,1.0,1
1,1,1,4125,142,0.0,0
1,0,0,13819,292,0.0,1
1,0,0,11323,410,1.0,1
1,0,1,1557,208,1.0,1
0,0,1,10819,192,1.0,0
1,0,1,10003,315,1.0,1
1,0,0,13409,564,1.0,0
0,1,0,7348,262,1.0,1
0,1,0,11693,450,0.0,1
0,0,0,4237,333,0.0,0
0,0,1,6993,515,1.0,1
1,1,1,5377,502,1.0,1
1,1,0,3782,450,1.0,1
0,1,0,8286,266,0.0,1
1,0,0,12875,247,1.0,1
1,0,1,7008,127,1.0,1
1,0,0,2931,358,1.0,0
0,0,1,12817,515,1.0,1
1,1,0,14589,185,0.0,0
0,1,1,14026,207,1.0,1
1,1,1,3275,541,0.0,1
1,1,0,11010,537,1.0,1
1,0,1,5707,525,0.0,1
0,0,1,12851,216,1.0,1
1,1,0,11020,463,1.0,1
0,1,1,5885,114,1.0,1
0,1,0,7851,585,1.0,1
0,1,1,5474,310,1.0,1
1,1,1,7405,417,1.0,0
1,0,1,6177,130,0.0,0
1,0,1,5965,544,1.0,0
1,1,0,9911,381,1.0,1
0,1,0,4802,552,0.0,0
0,1,0,8445,284,1.0,0
0,0,1,12558,503,1.0,1
1,0,1,11588,165,0.0,0
0,0,0,14136,504,0.0,1
1,1,0,3802,470,1.0,1
0,0,0,14239,415,0.0,1
1,1,0,7785,162,1.0,1
1,0,1,13876,534,1.0,1
0,0,0,6466,327,1.0,0
0,0,1,14947,575,1.0,1
0,1,0,5226,567,1.0,1
0,1,1,3542,200,1.0,1
1,0,0,10214,522,1.0,1
0,1,0,12399,455,1.0,0
0,1,1,4498,238,1.0,1
0,1,1,9471,218,0.0,1
1,1,0,13613,156,1.0,0
1,1,1,2409,230,0.0,1
0,1,0,14229,136,0.0,0
1,1,1,5633,567,1.0,1
0,0,0,3380,579,0.0,1
1,1,0,12971,210,1.0,0
1,1,0,13997,252,0.0,1
1,0,0,4060,504,1.0,1
1,0,0,9027,349,1.0,0
0,0,0,7196,341,1.0,1
0,0,0,4572,307,1.0,1
0,1,0,13518,467,1.0,0
1,0,1,14768,269,0.0,1
0,0,1,5976,356,1.0,1
0,1,1,12567,378,1.0,1
0,1,0,12598,462,1.0,1
1,1,0,5989,212,0.0,0
1,0,0,14861,507,1.0,1
1,1,1,5991,274,0.0,1
0,0,1,10236,188,0.0,0
0,1,1,8355,234,1.0,0
0,1,1,8901,393,0.0,1
1,0,1,4597,594,1.0,1
1,1,0,13317,402,0.0,0
0,1,1,5005,458,1.0,1
1,1,0,2584,518,0.0,1
1,1,0,2052,305,1.0,1
1,1,0,7060,417,1.0,1
1,0,1,2653,172,1.0,0
0,0,1,13630,358,1.0,0
1,1,0,6973,457,1.0,1
1,0,1,3745,247,1.0,0
1,0,1,3186,588,0.0,1
1,0,0,7335,324,1.0,1
0,1,0,2193,204,1.0,0
0,1,0,9038,143,1.0,1
1,1,0,9591,515,1.0,0
1,0,0,13482,455,0.0,1
1,0,1,7335,125,1.0,1
1,1,0,10189,403,1.0,0
1,1,1,11787,360,1.0,1
1,0,1,8294,158,1.0,1
0,0,0,14983,160,0.0,1
1,1,0,10304,404,1.0,0
0,0,1,13659,513,0.0,1
0,0,0,10067,500,1.0,0
1,0,1,2305,169,0.0,1
0,0,0,2420,541,0.0,1
0,0,0,14662,546,1.0,0
0,0,1,5104,544,0.0,1
0,0,1,2943,546,1.0,1
0,1,0,8548,370,1.0,0
0,1,0,3045,356,1.0,1
1,0,0,2710,496,1.0,1
0,0,1,14793,531,1.0,0
0,0,0,11772,483,1.0,0
0,1,0,7712,517,0.0,1
1,1,0,6187,224,0.0,1
0,0,0,6810,513,1.0,0
1,1,1,11840,118,1.0,1
0,0,1,11200,218,0.0,1
1,0,1,2413,419,0.0,1
1,0,0,4280,165,1.0,1
0,0,0,10081,344,1.0,0
0,0,0,9232,156,0.0,1
1,0,1,13741,143,0.0,1
0,0,1,13947,111,1.0,0
1,1,1,6487,477,0.0,0
1,0,1,5125,523,1.0,1
1,1,0,10762,335,0.0,1
1,0,1,8826,123,1.0,0
1,0,1,14483,494,1.0,0
0,1,0,14545,549,1.0,1
1,1,1,4070,356,0.0,1
1,0,0,5237,541,1.0,1
0,1,0,4279,383,0.0,1
1,0,0,10030,423,1.0,1
0,0,0,3476,460,0.0,0
0,1,0,13128,350,1.0,1
0,1,1,2294,193,1.0,1
1,1,1,3222,479,1.0,1
1,1,0,12911,542,1.0,1
1,0,1,2398,554,0.0,1
0,1,0,14955,479,1.0,1
1,1,1,1602,121,1.0,1
0,1,1,12551,573,1.0,0
1,1,1,13880,256,1.0,0
0,1,1,14762,188,1.0,1
1,0,1,8953,301,1.0,0
1,0,1,11139,567,1.0,1
1,1,1,13906,561,1.0,0
0,1,0,3532,580,1.0,0
0,0,0,13724,296,1.0,1
1,1,0,7672,144,1.0,0
1,0,1,12752,553,0.0,1
0,0,1,3034,569,0.0,1
0,1,0,8697,479,1.0,1
0,0,0,12539,500,1.0,0
1,1,1,12901,178,1.0,1
0,1,0,6070,138,0.0,1
1,0,0,8206,523,1.0,1
0,0,0,13155,383,0.0,1
1,1,0,1934,485,1.0,0
0,0,1,10949,565,1.0,1
0,1,0,9746,254,1.0,1
0,0,0,10622,248,1.0,1
0,0,0,12491,442,1.0,1
0,1,0,10003,490,1.0,1
1,1,1,8756,544,0.0,0
0,1,0,10648,151,0.0,1
0,0,0,7961,350,1.0,1
0,1,0,5583,531,1.0,1
1,1,0,7496,481,0.0,1
0,0,0,6352,246,1.0,0
1,0,1,4012,428,1.0,1
0,1,0,7028,495,1.0,1
0,1,0,2763,593,1.0,1
1,1,1,7451,449,0.0,1
0,1,0,4247,554,1.0,1
1,0,1,8780,357,1.0,1
1,0,0,12474,372,1.0,1
0,1,1,2593,558,1.0,1
1,1,1,12478,597,0.0,0
0,1,0,12507,224,1.0,0
0,0,1,5263,303,1.0,1
1,1,0,8851,355,0.0,0
1,1,1,13727,230,1.0,0
1,0,1,14531,120,1.0,1
1,0,0,12015,177,1.0,0
0,1,1,1732,434,1.0,1
0,1,0,3601,150,1.0,0
1,0,1,14044,461,1.0,1
0,1,1,3528,460,1.0,1
0,1,0,7733,365,1.0,0
0,0,0,9426,215,1.0,1
0,0,1,3429,154,1.0,1
1,0,0,11150,391,1.0,0
1,1,0,11340,150,0.0,1
0,0,1,10099,429,0.0,0
1,0,1,4840,372,1.0,1
1,1,0,3477,353,0.0,1
1,1,1,3913,591,1.0,1
0,0,0,9526,572,1.0,1
0,0,0,6918,160,0.0,1
0,1,0,7525,446,1.0,1
1,1,0,14970,580,1.0,1
0,0,0,6437,558,1.0,1
0,0,0,14771,496,1.0,1
1,1,1,11452,548,1.0,1
0,0,0,5097,450,1.0,1
0,1,1,2878,324,1.0,1
1,0,0,2120,568,1.0,1
1,1,1,2429,435,1.0,1
1,1,1,8044,202,1.0,1
0,0,1,9072,570,1.0,1
0,0,0,7326,557,1.0,1
0,1,1,2474,147,0.0,1
1,0,1,14179,324,1.0,1
1,0,0,14139,441,0.0,1
0,0,1,12545,332,0.0,1
0,1,1,3189,169,0.0,1
1,0,0,6171,146,1.0,0
1,0,1,8420,327,1.0,1
1,1,1,8276,594,1.0,0
1,0,0,14310,109,1.0,1
0,0,1,10417,284,1.0,0
1,1,1,9853,179,1.0,1
0,1,1,9284,112,1.0,1
0,0,1,2158,598,1.0,1
0,0,0,4397,544,1.0,1
1,1,0,7168,413,0.0,1
1,1,0,7725,439,0.0,1
1,0,0,14311,423,1.0,1
1,0,1,13791,183,1.0,1
0,0,0,4042,185,0.0,1
1,1,0,11270,256,1.0,0
1,0,1,13686,243,1.0,1
0,1,1,10766,590,1.0,1
1,1,1,4705,162,1.0,1
0,1,0,5544,530,0.0,1
0,0,1,4933,142,0.0,1
0,0,1,8211,506,1.0,0
0,0,1,8884,257,0.0,1
0,1,0,2377,284,1.0,1
0,0,0,2591,385,1.0,0
0,1,0,4559,590,1.0,0
0,1,0,8507,422,1.0,0
1,1,0,6762,539,0.0,0
1,1,0,9013,123,0.0,1
1,1,0,3174,596,1.0,0
1,1,1,11300,456,1.0,0
0,0,1,4326,304,1.0,1
1,1,1,10909,461,0.0,1
0,0,0,4552,323,1.0,1
1,1,0,1813,200,1.0,1
1,0,1,10421,303,1.0,1
1,0,1,13731,107,1.0,0
0,0,0,1883,571,1.0,1
1,0,0,7384,271,0.0,0
0,1,0,3312,307,1.0,1
0,1,0,3824,195,1.0,1
1,1,0,14883,261,0.0,0
1,1,0,6748,390,0.0,1
1,0,0,4929,195,1.0,0
0,0,0,12437,405,1.0,1
1,0,1,11556,244,0.0,1
0,1,0,4791,357,1.0,0
0,0,0,8673,573,0.0,1
1,1,0,6346,537,1.0,1
1,0,1,14770,399,1.0,1
0,0,1,8267,564,1.0,0
0,0,0,1727,201,0.0,0
0,0,1,7573,276,0.0,1
1,0,1,11756,485,1.0,1
0,1,1,7204,427,1.0,1
1,0,0,9703,209,1.0,0
0,1,0,9265,297,0.0,1
0,1,0,3022,492,0.0,1
1,1,0,2191,228,0.0,1
0,1,0,13397,552,1.0,0
1,1,0,3239,458,1.0,1
1,1,0,3025,236,1.0,1
0,1,1,1569,497,1.0,1
1,1,0,7751,126,1.0,1
1,0,0,11940,236,0.0,1
0,0,0,4623,263,1.0,1
1,1,0,6224,448,1.0,1
1,1,0,13022,567,0.0,1
1,1,0,9149,562,0.0,0
0,0,0,2787,455,1.0,1
1,0,0,14693,230,1.0,1
0,1,1,10267,472,1.0,0
0,1,1,11864,250,1.0,0
1,0,0,6454,477,0.0,1
1,0,0,2244,345,1.0,1
1,1,1,12219,209,1.0,1
0,1,0,7775,172,0.0,1
1,1,0,12765,385,0.0,0
1,1,1,13902,374,0.0,1
1,0,0,6076,457,0.0,0
1,0,0,6576,166,1.0,0
1,1,0,10716,149,1.0,1
0,1,1,2441,403,1.0,1
0,1,1,6550,102,1.0,1
1,0,0,2267,325,1.0,0
1,1,1,3938,165,1.0,1
1,1,1,10525,254,0.0,1
1,1,1,11882,570,1.0,1
0,0,0,10319,461,0.0,1
1,1,1,1876,579,1.0,1
0,0,1,13578,210,1.0,1
0,1,1,1589,582,1.0,1
1,1,0,12547,395,1.0,0
0,1,1,14808,480,1.0,1
0,0,1,10757,355,1.0,1
0,1,0,7566,373,1.0,1
0,1,1,10750,254,0.0,0
1,0,1,12751,238,1.0,1
1,0,1,13764,266,1.0,1
0,0,0,12292,118,0.0,1
1,1,0,13911,444,1.0,1
1,0,1,11796,490,1.0,1
1,1,1,12545,322,1.0,1
1,0,1,7075,156,1.0,0
1,0,1,4155,485,1.0,1
0,0,1,3015,393,1.0,1
1,1,1,4517,232,1.0,1
1,1,0,9311,561,1.0,0
1,1,1,8843,437,0.0,1
1,1,1,13839,391,1.0,0
0,1,1,3073,551,0.0,1
0,1,0,7097,443,1.0,1
0,1,1,12228,304,0.0,1
0,1,0,5426,218,0.0,1
1,1,1,11744,352,1.0,1
0,0,1,5296,184,0.0,0
1,0,1,10323,284,1.0,0
1,1,1,11553,324,1.0,1
1,1,1,13644,247,1.0,1
1,1,1,2732,488,0.0,1
1,1,0,3764,379,0.0,1
0,0,1,3547,326,1.0,1
0,0,1,2035,385,1.0,1
0,1,1,9384,383,1.0,0
0,0,0,13225,280,1.0,0
1,0,1,8381,534,1.0,1
0,1,0,14517,208,1.0,1
1,1,1,8878,234,1.0,1
0,1,1,4597,525,0.0,1
1,1,0,10967,390,1.0,0
1,0,0,4573,474,0.0,0
0,1,1,2525,577,1.0,1
1,0,0,3551,389,0.0,1
1,1,0,5121,202,1.0,1
0,0,1,6063,300,1.0,1
1,1,1,9892,216,0.0,1
0,1,1,5903,431,0.0,1
0,0,0,4823,409,1.0,1
0,0,1,4858,128,1.0,1
1,0,1,7641,493,1.0,1
1,1,0,6517,126,1.0,1
1,0,0,7935,566,1.0,1
0,0,1,8821,112,1.0,1
1,0,0,4471,141,1.0,1
0,0,0,14670,520,1.0,1
0,0,0,10277,544,1.0,0
1,0,1,4845,323,0.0,1
0,0,1,13546,562,1.0,1
1,0,1,7316,120,1.0,1
1,0,0,6104,486,1.0,1
1,1,1,4924,235,1.0,1
1,1,1,5600,425,1.0,0
1,0,0,10051,320,1.0,1
0,1,0,13361,566,0.0,0
0,1,1,14001,244,0.0,0
0,0,0,4977,109,0.0,0
1,0,1,8682,324,1.0,1
1,0,1,8940,240,1.0,1
1,0,1,6158,574,0.0,1
0,0,0,4312,205,1.0,1
1,0,0,1544,367,1.0,1
0,1,1,12442,293,1.0,0
0,0,1,2133,557,1.0,0
1,1,1,10902,227,1.0,1
1,0,1,11441,312,1.0,1
0,0,0,8304,250,1.0,1
1,1,1,12933,548,0.0,1
0,0,1,4268,580,1.0,1
1,0,0,10285,483,1.0,0
1,1,1,11116,279,1.0,0
0,0,1,9375,416,0.0,0
1,1,1,3426,125,1.0,1
0,0,1,2356,114,1.0,1
1,0,1,7488,121,0.0,0
0,1,0,10243,444,1.0,0
0,0,0,9347,164,1.0,0
1,1,0,5638,350,1.0,1
0,1,0,12580,509,0.0,0
1,1,1,5774,120,1.0,1
1,0,0,11172,332,1.0,0
1,0,0,2106,507,1.0,0
0,1,0,10363,586,1.0,1
0,0,0,13007,115,1.0,0
1,0,0,6522,515,1.0,1
1,0,0,1516,371,0.0,0
0,1,0,14923,304,0.0,1
1,0,0,7234,397,0.0,1
1,1,1,4373,259,1.0,1
0,0,0,9265,533,1.0,1
1,0,1,12286,140,1.0,0
0,1,0,6649,207,1.0,1
1,0,0,6811,224,1.0,0
0,1,0,3984,251,1.0,0
1,0,1,7822,112,0.0,1
1,1,1,10307,302,1.0,1
0,0,0,8277,178,1.0,1
1,0,1,4705,493,1.0,1
0,0,0,12541,141,1.0,1
1,1,1,5907,268,1.0,0
0,1,1,5307,348,1.0,0
0,1,1,11764,220,1.0,1
0,0,0,10216,486,0.0,0
0,1,1,4673,538,0.0,1
1,1,1,2973,371,1.0,1
1,1,0,12117,399,1.0,0
0,1,1,14675,308,0.0,1
0,1,0,12966,572,1.0,0
0,1,0,4838,257,1.0,1
1,1,1,11699,594,1.0,1
1,1,0,6057,220,1.0,1
1,1,1,3912,326,0.0,1
1,1,1,3651,520,0.0,1
0,0,0,4682,543,1.0,1
0,0,1,10119,560,1.0,1
0,1,1,9662,123,1.0,0
1,0,0,6064,329,0.0,1
1,0,0,2514,125,1.0,1
1,1,1,3104,157,1.0,1
0,1,0,2369,364,1.0,1
0,1,0,8413,225,0.0,1
1,0,0,4227,544,1.0,0
0,1,0,4352,374,0.0,1
1,0,1,10577,127,1.0,1
1,1,1,4108,490,1.0,1
0,0,0,2773,400,1.0,1
1,0,1,9149,569,1.0,0
0,1,0,14118,227,1.0,0
1,1,0,3455,193,0.0,1
0,0,1,10278,290,1.0,1
0,0,1,9892,520,1.0,1
0,1,1,6049,371,0.0,0
1,1,1,13309,583,1.0,1
1,0,0,10517,104,1.0,0
0,1,0,9802,256,1.0,1
0,0,1,9600,151,1.0,1
1,1,0,4411,342,1.0,1
1,1,1,13591,250,1.0,1
1,1,1,10599,361,1.0,1
0,0,1,7368,519,0.0,1
1,1,0,7163,540,1.0,1
1,0,0,13407,516,1.0,0
0,1,1,13381,404,0.0,0
1,0,1,2054,524,1.0,0
1,0,1,11595,179,1.0,1
1,1,1,9798,282,1.0,1
0,0,0,4836,453,0.0,1
0,0,0,7869,206,1.0,0
0,0,1,4034,253,0.0,1
0,0,1,3726,392,1.0,1
0,1,0,4793,304,1.0,1
0,1,1,11085,215,1.0,1
0,1,0,12376,116,1.0,1
1,0,0,12527,579,1.0,1
1,0,1,1666,387,1.0,1
0,1,0,12402,255,1.0,1
1,1,0,5124,576,0.0,1
1,0,0,3847,124,1.0,1
0,1,0,2904,530,1.0,1
1,1,1,7678,377,0.0,1
1,0,0,11217,574,0.0,1
1,1,0,14101,416,0.0,1
1,0,0,14603,225,0.0,0
1,1,1,14530,399,1.0,1
0,0,1,4274,457,1.0,1
0,0,1,10517,375,1.0,1
0,0,0,10816,464,1.0,0
1,0,1,10260,277,1.0,1
0,0,1,11650,443,0.0,1
1,1,1,5239,530,0.0,1
1,1,0,11801,146,1.0,1
1,1,1,9518,299,1.0,1
1,0,1,5964,150,1.0,1
0,1,1,9241,538,1.0,0
0,0,0,13881,561,0.0,1
1,0,0,9136,394,1.0,0
0,1,1,9520,369,1.0,1
1,0,1,8788,296,1.0,1
0,1,1,5594,530,0.0,0
0,0,0,4430,120,1.0,0
1,0,0,2263,242,1.0,1
0,1,1,13052,347,1.0,1
1,0,0,4950,455,1.0,0
0,1,1,11839,452,1.0,0
1,0,0,4895,564,1.0,0
1,1,1,14116,567,0.0,0
0,0,0,5219,100,0.0,1
0,1,1,6301,563,1.0,0
1,1,0,9912,464,1.0,1
0,0,1,3361,437,0.0,1
0,1,1,12306,493,1.0,0
1,0,1,14783,506,1.0,1
1,0,1,10713,373,1.0,1
0,1,0,1609,340,1.0,1
1,1,1,13936,157,1.0,0
1,1,0,8049,225,1.0,1
1,1,0,13540,428,1.0,1
0,1,1,10390,465,1.0,1
0,0,1,7029,577,1.0,1
1,1,1,9799,560,1.0,0
0,0,1,10080,151,0.0,1
1,1,0,10116,599,1.0,1
0,1,0,3994,322,1.0,1
1,1,0,12657,401,1.0,1
1,0,0,14879,462,1.0,1
0,1,1,12395,368,1.0,1
1,0,0,11691,195,0.0,1
0,0,1,9232,372,1.0,1
0,0,1,7259,422,1.0,0
1,1,0,13267,160,1.0,1
1,0,0,3027,420,0.0,1
0,1,0,13745,280,1.0,1
1,0,0,3526,232,1.0,1
1,1,0,12060,515,1.0,0
1,0,0,12458,188,1.0,1
1,1,1,3355,272,1.0,1
1,1,1,10138,411,1.0,0
0,1,1,3097,104,1.0,1
0,0,0,9901,456,1.0,1
1,0,1,2348,442,1.0,1
1,1,1,7458,303,1.0,1
1,0,1,11343,261,1.0,1
0,0,1,11608,160,1.0,0
1,0,1,5029,570,0.0,1
0,0,1,3418,563,0.0,0
0,0,0,10268,596,1.0,0
0,0,0,7261,289,1.0,1
1,0,0,2188,424,1.0,1
0,1,1,10481,162,1.0,0
1,1,0,14779,143,1.0,1
0,0,0,7806,338,1.0,1
1,1,1,6572,127,1.0,0
0,1,0,2855,297,1.0,1
1,1,1,3187,368,1.0,1
0,0,0,10041,270,1.0,1
1,0,1,12409,129,1.0,0
1,0,1,13231,253,1.0,0
1,0,0,14213,308,1.0,1
1,0,1,14114,162,0.0,1
0,1,0,10821,428,0.0,1
0,0,1,5850,156,1.0,1
1,1,0,8001,419,0.0,1
0,0,0,7586,307,1.0,1
1,1,1,14231,532,1.0,1
1,0,0,5708,407,1.0,0
0,0,0,14841,162,0.0,1
1,0,0,8167,347,1.0,1
1,0,1,14476,565,1.0,1
0,0,1,2490,240,1.0,1
1,0,0,11565,192,0.0,1
1,1,0,13833,206,1.0,1
1,0,1,6790,464,1.0,1
1,1,1,14544,187,1.0,1
0,0,0,2876,400,0.0,1
0,1,1,10918,207,1.0,1
0,1,1,8747,145,1.0,1
1,1,0,8702,176,1.0,1
1,1,1,10255,316,1.0,1
0,1,1,7804,268,1.0,1
1,1,1,4387,401,1.0,0
1,0,0,8181,228,0.0,1
1,1,1,9113,300,1.0,1
1,0,0,2840,295,0.0,1
0,0,1,13429,447,0.0,0
0,1,1,9472,367,1.0,1
0,1,0,11129,187,1.0,1
1,0,0,1594,352,0.0,1
0,1,0,4796,337,1.0,1
0,1,0,7398,172,1.0,1
1,1,1,10640,518,1.0,0
1,1,0,14340,457,1.0,0
0,1,0,4192,454,1.0,1
0,1,0,5661,260,0.0,1
0,1,1,9626,157,0.0,0
0,0,1,4781,483,1.0,1
1,1,0,2997,472,1.0,0
0,0,0,14452,390,1.0,1
0,0,0,12423,529,1.0,1
1,0,0,8553,439,1.0,1
0,0,1,8214,165,0.0,0
1,1,0,12435,527,0.0,0
1,0,1,9157,125,1.0,0
1,0,0,13967,397,1.0,0
0,0,0,12573,176,1.0,1
0,0,1,9503,385,1.0,1
1,0,0,9191,471,1.0,1
0,1,0,9606,515,0.0,1
0,1,0,1701,135,0.0,0
1,0,0,2998,118,0.0,0
1,1,1,4586,377,0.0,0
0,1,0,12805,420,0.0,1
1,0,0,4090,412,0.0,1
0,0,1,8625,366,1.0,1
0,0,0,9360,381,1.0,1
0,1,1,6908,531,1.0,1
0,0,0,3448,118,1.0,1
1,1,0,13296,438,1.0,0
1,1,0,5463,239,0.0,1
1,1,1,2193,166,1.0,0
1,0,1,11411,411,1.0,1
0,1,0,6863,117,1.0,0
0,0,1,13625,468,1.0,1
1,0,0,13424,360,1.0,1
0,0,1,7387,211,1.0,0
0,0,0,12351,507,1.0,1
0,0,1,9234,561,1.0,1
1,1,0,11413,214,1.0,0
1,1,1,7217,265,1.0,1
1,1,1,6793,166,1.0,1
0,1,1,5551,354,1.0,1
1,1,1,3791,169,1.0,1
1,0,0,13891,559,1.0,1
1,0,0,4198,407,1.0,1
1,1,1,13066,302,1.0,0
1,1,0,10702,226,0.0,1
1,1,1,2541,522,1.0,0
0,0,0,3057,542,1.0,1
0,0,1,2707,509,0.0,0
1,0,0,11372,420,0.0,0
1,1,0,5121,179,1.0,0
0,1,1,4852,275,0.0,1
0,1,1,8955,212,0.0,1
1,1,1,3178,210,1.0,1
1,0,1,13288,408,1.0,1
1,1,1,12437,236,1.0,1
1,1,0,13237,232,1.0,0
0,1,1,12685,471,1.0,0
1,0,0,10472,427,1.0,1
1,0,1,8252,288,0.0,1
1,1,0,2445,376,0.0,0
1,0,0,4928,324,0.0,1
0,0,1,9473,202,1.0,1
0,0,1,8668,206,1.0,0
0,0,0,12790,162,0.0,1
1,0,0,10239,503,1.0,0
1,1,1,11899,541,1.0,0
0,1,0,4484,344,0.0,1
1,1,0,4090,272,1.0,1
1,0,0,11866,505,1.0,0
0,0,0,3297,432,1.0,1
0,0,0,11572,586,1.0,1
0,0,0,12748,430,1.0,1
0,1,1,6543,309,1.0,1
1,1,1,3757,290,1.0,0
1,1,1,3697,257,0.0,1
0,1,1,9722,418,1.0,1
1,1,0,10303,324,1.0,0
0,1,1,5897,271,1.0,1
0,0,0,12702,422,1.0,1
1,0,0,4412,541,0.0,0
0,1,1,13494,548,1.0,1
1,0,1,12504,135,1.0,0
1,1,0,10374,233,1.0,1
1,1,1,9948,136,1.0,1
1,0,1,10631,192,0.0,1
0,1,0,7652,174,0.0,0
1,1,0,8672,343,1.0,1
0,1,0,4394,282,0.0,1
0,0,0,4685,304,1.0,1
0,0,0,10468,558,1.0,1
0,0,0,4232,286,1.0,1
1,0,1,10423,265,1.0,1
1,1,1,6824,214,1.0,0
0,0,1,11734,508,0.0,0
0,0,0,10661,306,0.0,1
1,0,0,9349,344,1.0,1
0,1,1,9794,432,1.0,1
1,0,1,2583,589,0.0,0
0,0,1,6705,260,1.0,1
1,1,0,6362,112,1.0,1
0,1,1,4570,393,1.0,1
0,1,1,13440,541,1.0,0
1,1,1,10063,571,1.0,1
0,0,0,10370,503,1.0,0
0,1,1,1701,335,1.0,1
1,0,1,1588,372,1.0,1
0,0,0,7799,478,0.0,1
1,0,0,11688,213,0.0,0
1,0,0,14186,251,1.0,1
0,0,0,9879,125,1.0,1
0,1,0,6671,267,1.0,1
0,0,1,14439,131,1.0,1
0,0,1,3054,320,1.0,1
0,0,0,7099,305,1.0,1
0,1,0,14374,520,1.0,1
0,0,0,9921,441,0.0,1
1,0,0,13244,197,1.0,1
0,1,1,14941,190,0.0,1
1,0,1,1554,575,0.0,1
0,0,0,5866,476,1.0,1
0,1,0,5531,313,0.0,1
1,0,0,10815,287,1.0,0
0,0,0,4640,156,0.0,1
0,0,1,9578,206,1.0,1
1,0,0,13062,541,0.0,0
0,0,0,14757,294,1.0,1
0,1,1,3052,121,1.0,0
0,1,0,9295,285,1.0,1
1,1,1,6771,467,0.0,1
0,0,0,1615,184,0.0,1
0,0,0,5113,179,1.0,0
0,0,1,14110,428,1.0,1
0,1,0,12302,176,1.0,0
1,0,1,7872,429,0.0,1
1,0,1,10051,482,1.0,0
0,0,1,9719,532,0.0,1
0,1,0,5337,476,1.0,1
1,1,0,5033,440,1.0,0
1,0,1,11110,276,1.0,0
0,0,0,13731,525,1.0,1
1,0,0,12608,523,1.0,1
0,1,0,7331,554,1.0,1
1,1,1,7463,273,1.0,1
1,1,1,2794,505,1.0,0
1,0,0,7470,181,1.0,1
1,1,1,9050,120,1.0,1
0,0,0,13321,278,1.0,0
1,0,0,3575,597,1.0,1
1,1,0,14531,497,1.0,1
0,0,1,8866,429,1.0,1
1,1,1,13369,324,1.0,0
1,0,0,12845,364,0.0,1
0,0,1,6707,501,1.0,1
1,1,0,7317,368,0.0,0
0,0,1,3278,350,0.0,1
0,0,1,14367,372,1.0,1
0,0,1,13586,481,1.0,1
0,0,0,12190,442,1.0,0
1,0,0,14220,508,1.0,0
0,0,0,1873,537,1.0,1
1,0,1,14998,371,1.0,1
1,0,0,9057,379,1.0,1
1,1,0,11957,322,0.0,1
1,1,0,10823,174,1.0,0
1,0,0,11534,250,1.0,1
1,0,1,3073,524,1.0,1
1,1,1,7526,458,1.0,1
1,0,0,14735,441,1.0,1
1,1,1,5944,516,1.0,1
1,1,1,2287,204,1.0,0
0,1,1,3045,141,1.0,1
0,0,1,13813,275,1.0,1
0,0,1,14859,344,1.0,1
1,0,0,14646,352,0.0,1
0,1,1,10061,373,1.0,0
0,1,0,14998,546,1.0,1
0,1,0,14671,433,1.0,1
1,0,0,5874,191,1.0,1
1,1,1,6947,110,1.0,0
1,1,1,11394,251,1.0,0
1,0,1,11349,288,0.0,1
0,1,1,11620,547,1.0,0
0,1,0,5555,263,1.0,1
0,0,0,2106,225,1.0,1
0,0,0,14836,310,1.0,0
1,1,1,4076,560,1.0,1
1,0,0,8069,196,1.0,0
1,1,0,5624,408,1.0,1
0,0,0,6551,438,1.0,1
1,1,1,1822,146,1.0,1
1,0,0,11568,407,1.0,0
0,1,0,2083,323,1.0,1
0,0,1,6889,562,1.0,1
1,0,0,12501,156,1.0,0
1,0,1,10347,174,0.0,1
1,0,0,6381,353,0.0,1
1,0,1,9914,250,1.0,1
1,0,1,3622,158,1.0,1
1,0,1,9199,424,1.0,0
0,1,0,9296,539,0.0,0
0,1,0,3720,185,0.0,1
0,0,1,6623,269,1.0,0
1,0,1,5050,245,1.0,1
0,1,1,7279,426,1.0,1
1,1,1,12134,132,1.0,1
1,0,1,6428,102,0.0,0
0,1,1,14791,383,1.0,1
1,1,1,13677,356,0.0,1
1,0,1,1666,225,1.0,0
0,0,1,7943,546,1.0,1
0,0,1,11708,212,1.0,0
0,1,1,9809,402,1.0,0
1,0,1,8155,392,1.0,1
0,0,0,11501,441,1.0,0
0,1,1,8842,147,0.0,0
1,0,0,3706,463,0.0,1
0,1,0,2750,374,1.0,0
0,1,0,5506,497,1.0,1
0,1,1,12801,294,0.0,1
1,1,0,6058,438,1.0,1
1,1,1,11363,324,0.0,0
1,1,0,3651,312,1.0,1
1,0,1,6577,420,0.0,1
0,0,1,3797,381,1.0,0
1,0,0,10728,237,1.0,1
1,1,0,4114,454,1.0,1
0,0,1,3379,432,0.0,1
0,1,0,10288,169,1.0,1
0,0,1,2120,398,0.0,1
1,1,1,8198,169,1.0,1
1,0,1,7007,582,1.0,1
1,1,0,9762,307,1.0,1
0,0,1,14743,588,1.0,1
0,1,1,3303,299,1.0,1
1,0,1,8616,158,1.0,1
0,1,1,6033,358,1.0,0
0,0,0,10759,488,1.0,1
0,0,0,3425,440,1.0,1
1,0,0,2537,450,1.0,1
0,1,0,13134,433,1.0,1
0,1,1,4683,456,0.0,0
1,1,1,11094,438,1.0,1
1,1,1,12053,264,1.0,1
0,1,1,11130,344,1.0,1
0,0,1,13503,183,1.0,1
1,1,1,10176,535,1.0,1
1,0,0,5764,549,0.0,1
0,0,1,6398,476,1.0,1
0,1,1,9937,546,1.0,1
0,0,1,14636,490,0.0,1
0,1,0,7621,580,1.0,1
1,1,1,7289,408,1.0,0
0,1,1,4871,213,1.0,1
0,0,1,2850,333,1.0,1
1,1,0,10221,361,0.0,1
0,1,1,7214,490,1.0,0
1,1,1,14634,271,1.0,0
0,0,0,5314,117,0.0,1
0,1,1,8647,334,0.0,1
1,0,0,7985,409,1.0,0
1,0,1,11480,482,0.0,1
0,1,0,11394,256,1.0,0
0,0,1,5125,310,0.0,1
0,0,1,13012,380,1.0,1
1,1,0,10451,418,1.0,0
0,1,1,9617,295,1.0,0
1,1,1,11095,214,0.0,1
1,0,0,10489,496,1.0,0
0,1,1,2031,259,1.0,0
1,0,0,11609,254,1.0,1
0,0,1,14651,150,1.0,1
0,0,0,5637,517,1.0,1
0,0,1,13108,383,1.0,0
0,0,1,2098,172,0.0,1
0,1,0,8928,427,1.0,1
1,1,1,9997,440,1.0,1
1,0,0,6404,209,1.0,1
0,0,0,4409,385,0.0,1
0,1,0,2178,320,1.0,1
1,1,1,4884,108,1.0,0
1,0,1,10422,496,1.0,1
1,0,1,3525,181,1.0,1
1,1,0,14720,419,1.0,1
0,1,0,14690,393,1.0,1
0,0,0,5728,474,1.0,1
1,1,1,4266,121,1.0,1
0,1,0,3598,514,1.0,1
1,0,1,8261,198,1.0,1
0,0,1,1891,269,0.0,1
1,0,1,12435,289,1.0,1
0,1,1,5284,205,1.0,0
1,0,1,8166,419,0.0,1
1,1,1,5337,557,1.0,0
0,0,1,14295,364,1.0,0
1,0,1,3185,481,1.0,1
0,1,0,7997,450,1.0,0
0,1,1,4414,527,1.0,1
1,0,1,8616,546,1.0,1
0,0,0,11110,267,1.0,0
0,1,0,14743,443,1.0,1
0,0,0,13883,524,1.0,1
0,1,0,13893,212,1.0,0
0,1,1,13782,427,1.0,1
1,0,0,5226,405,1.0,1
0,1,0,14465,247,0.0,1
0,1,0,13321,436,1.0,1
0,1,0,13005,319,1.0,1
0,0,1,6451,553,1.0,0
0,1,0,7558,525,0.0,0
1,0,0,9155,132,0.0,1
0,0,0,14577,319,0.0,1
1,0,0,6110,418,1.0,0
1,1,1,9321,284,1.0,1
1,1,0,2584,292,1.0,1
1,0,0,9083,460,1.0,1
0,0,0,10699,279,1.0,1
1,1,1,2817,454,1.0,1
1,0,0,8380,571,1.0,1
0,0,0,3849,105,0.0,1
0,1,1,8837,490,1.0,1
0,0,0,4193,108,1.0,1
1,1,1,8708,456,1.0,1
0,1,1,11970,160,1.0,1
0,0,0,8381,563,1.0,1
1,1,0,5222,517,1.0,0
0,1,1,5193,262,1.0,1
0,1,1,5892,198,1.0,1
0,0,0,14242,247,0.0,1
0,0,1,8724,157,1.0,1
1,0,1,14729,314,0.0,1
0,1,0,9302,415,0.0,1
0,1,1,14027,589,1.0,0
1,0,1,7217,281,1.0,1
0,0,1,12939,134,1.0,0
1,1,1,4634,402,1.0,1
0,0,1,4098,145,0.0,0
1,0,1,11877,186,1.0,1
1,0,0,5552,103,1.0,0
1,0,1,14241,365,1.0,1
1,0,0,5324,206,1.0,1
0,1,0,5020,174,1.0,0
1,0,0,2749,139,1.0,1
0,0,0,8086,226,1.0,0
1,1,0,9343,282,1.0,1
1,1,0,3574,218,1.0,1
1,1,0,4004,172,0.0,1
0,1,0,14482,139,1.0,1
1,0,1,14497,303,1.0,1
0,0,0,3514,564,1.0,1
0,0,0,6444,195,0.0,1
0,0,0,2448,378,1.0,1
0,1,1,1606,242,0.0,0
0,1,0,12183,214,1.0,1
0,0,1,6192,575,1.0,1
0,0,0,9846,471,1.0,1
0,0,0,4740,585,0.0,0
0,0,1,10487,232,1.0,1
1,1,0,14059,267,1.0,1
1,0,1,11262,501,1.0,1
1,1,1,6803,344,1.0,0
1,1,0,3134,376,0.0,1
1,1,0,11630,562,1.0,1
0,1,1,3032,358,0.0,1
0,0,1,9108,145,1.0,1
0,0,0,12720,445,1.0,1
0,0,0,13909,434,1.0,1
0,0,0,2940,482,1.0,1
0,1,1,11090,336,1.0,1
0,1,0,5146,152,1.0,0
1,1,1,13089,247,1.0,1
1,0,0,7099,286,0.0,1
1,1,1,13937,120,0.0,1
1,1,1,14494,189,1.0,0
0,1,0,12734,332,0.0,1
0,1,1,3115,314,1.0,0
0,0,1,11205,468,1.0,1
1,1,1,9494,150,1.0,1
0,1,1,7796,252,1.0,1
0,0,1,4098,423,0.0,0
0,0,0,10536,215,1.0,0
1,0,0,13111,493,1.0,0
0,1,1,5030,313,1.0,0
1,1,0,9090,550,1.0,1
1,1,1,3827,438,1.0,1
1,1,1,8065,450,1.0,1
1,0,0,9267,236,1.0,0
0,1,1,12732,384,0.0,1
1,1,1,3476,520,1.0,1
1,0,1,3335,465,1.0,1
0,0,0,6399,170,1.0,0
0,0,0,1854,344,1.0,0
1,1,1,11297,137,1.0,1
0,1,1,5973,315,1.0,0
1,1,1,4695,226,1.0,1
1,1,1,11819,171,0.0,1
1,1,1,10679,325,0.0,0
1,0,0,14020,414,0.0,1
0,0,0,9845,540,0.0,1
1,1,0,2406,573,1.0,1
0,1,0,13455,543,0.0,1
0,1,1,8698,383,1.0,1
0,1,1,3120,511,1.0,1
0,1,0,13320,401,1.0,0
1,0,0,13266,345,1.0,0
0,0,1,5918,170,0.0,1
1,0,0,10023,294,1.0,1
0,1,1,5838,599,0.0,0
0,1,1,1929,569,1.0,1
1,0,1,6801,538,1.0,1
1,0,0,3923,137,1.0,1
1,1,0,9772,216,0.0,0
0,0,0,3073,337,0.0,1
0,0,0,9535,463,0.0,0
1,1,0,1919,501,1.0,1
1,0,1,1966,303,1.0,1
1,0,0,6676,450,1.0,1
1,0,1,4893,418,1.0,1
0,1,1,11257,458,0.0,1
1,0,1,11210,104,1.0,1
1,0,0,8933,527,1.0,1
1,0,0,8894,588,1.0,0
1,1,0,13722,256,1.0,1
0,1,0,3535,206,1.0,1
1,0,0,10495,327,0.0,1
0,1,0,10769,241,1.0,1
1,0,0,3132,413,1.0,0
1,1,0,3484,271,1.0,1
0,1,1,8621,245,0.0,1
1,0,0,1503,106,1.0,0
0,0,1,8977,442,1.0,1
0,0,1,7498,452,1.0,1
1,1,1,2102,545,1.0,0
0,0,1,8756,400,1.0,1
0,1,0,12059,115,0.0,1
0,1,0,13367,419,1.0,1
0,0,1,10192,136,1.0,1
0,1,1,8214,598,1.0,0
0,0,1,9876,252,1.0,0
0,1,0,13201,364,1.0,0
0,0,1,4751,282,1.0,1
1,1,1,4647,255,1.0,0
1,1,0,12632,236,1.0,1
0,0,1,10987,495,0.0,1
1,1,0,9644,501,1.0,0
0,0,0,1554,574,0.0,1
0,1,1,11416,189,1.0,1
1,1,1,4410,539,1.0,1
0,1,1,3370,317,1.0,0
0,0,0,13864,429,1.0,1
0,0,0,12035,285,1.0,1
0,0,0,12982,480,0.0,0
1,0,1,4848,308,1.0,1
0,0,1,3101,150,0.0,1
0,1,1,7267,387,1.0,0
0,1,1,12485,187,0.0,1
1,0,1,7330,590,1.0,1
0,1,1,13029,531,1.0,1
1,1,0,9620,235,0.0,1
1,1,0,8543,257,1.0,0
0,1,0,3590,381,1.0,1
0,0,1,6980,507,1.0,0
1,1,0,10943,254,0.0,1
0,0,0,7870,562,1.0,1
1,0,0,6682,319,1.0,1
1,1,1,1670,558,0.0,1
0,0,1,4309,266,0.0,1
0,1,0,8493,421,1.0,1
1,1,1,9429,278,1.0,0
1,1,1,12046,428,1.0,1
1,0,1,11465,149,1.0,1
1,0,1,8211,400,1.0,1
0,0,0,13446,186,1.0,1
0,1,1,5491,132,1.0,1
0,1,0,8635,374,0.0,1
0,1,0,11773,240,1.0,1
0,0,1,2326,305,1.0,0
1,1,1,11357,323,1.0,1
0,1,1,1629,212,1.0,1
0,0,0,2917,377,1.0,1
0,0,0,14962,503,1.0,1
0,0,0,8298,452,0.0,0
0,1,0,8273,104,1.0,1
1,1,0,13479,481,1.0,0
1,1,0,2907,311,1.0,1
1,0,0,6636,355,1.0,1
0,0,1,10285,433,1.0,0
1,0,0,2537,574,1.0,0
1,0,0,11820,573,1.0,1
0,1,0,12970,515,0.0,0
0,1,0,13991,129,1.0,1
0,1,1,9046,446,1.0,1
1,1,0,7403,509,1.0,1
1,1,0,1522,181,0.0,0
0,1,1,11325,592,1.0,1
0,1,1,7787,570,0.0,0
1,1,0,13693,335,1.0,1
1,0,0,13891,594,0.0,1
0,0,0,2905,443,1.0,1
0,1,0,11170,487,1.0,1
1,0,0,7967,460,0.0,1
0,1,0,2694,422,1.0,1
1,1,1,10267,352,1.0,0
1,0,1,9423,217,0.0,0
1,1,0,3106,526,1.0,1
1,1,0,14061,129,1.0,1
0,1,0,10143,210,1.0,1
0,1,1,9816,499,1.0,1
1,1,0,13146,353,0.0,1
1,1,1,12056,298,0.0,1
1,1,1,11558,394,1.0,0
1,0,0,7750,441,0.0,1
1,0,1,3183,396,0.0,0
0,1,0,10598,386,1.0,0
0,0,1,13226,532,1.0,1
0,1,0,10121,496,1.0,0
0,1,0,4251,588,0.0,1
1,1,1,9004,524,1.0,0
1,1,1,13517,343,0.0,1
1,0,1,9163,320,0.0,1
1,0,0,10053,255,1.0,1
1,0,1,14583,482,1.0,1
0,0,1,10123,335,1.0,1
1,1,0,4222,419,1.0,1
0,0,0,7139,472,1.0,1
0,1,1,14646,118,1.0,1
0,1,1,12753,314,1.0,1
0,0,1,4723,466,0.0,1
1,1,0,6941,213,1.0,1
0,0,0,11322,299,1.0,1
0,0,1,8881,124,0.0,0
0,0,0,14363,521,1.0,1
1,0,1,6684,220,1.0,1
1,0,1,14680,329,1.0,1
1,1,0,1769,198,0.0,0
0,0,1,9204,445,1.0,0
0,0,1,7615,102,1.0,1
1,1,0,10815,485,0.0,1
0,0,1,12868,360,1.0,1
1,0,1,8798,544,1.0,1
1,1,0,13084,353,1.0,1
0,1,1,6033,119,1.0,0
0,0,1,2542,303,1.0,1
0,1,0,3141,393,1.0,1
0,0,0,8103,563,0.0,0
1,1,0,12133,456,0.0,1
1,0,1,4797,227,1.0,0
1,0,0,8555,457,1.0,0
1,0,1,2883,391,0.0,1
1,1,0,5496,273,1.0,1
0,0,1,1514,320,1.0,0
1,1,1,3174,454,1.0,0
1,0,0,6599,468,1.0,1
1,0,1,5117,136,1.0,1
0,0,1,9599,409,1.0,0
0,0,0,8057,248,1.0,0
0,0,1,6974,504,1.0,1
0,1,1,2980,191,1.0,1
1,1,1,11437,169,1.0,1
1,1,0,9198,183,1.0,1
0,0,0,4546,543,1.0,1
0,0,0,8863,519,1.0,1
1,1,0,7457,304,1.0,1
1,0,0,5710,587,1.0,1
0,0,0,6971,366,1.0,1
0,0,0,2475,187,1.0,1
0,1,0,3185,351,1.0,1
0,1,1,3583,310,1.0,0
1,1,1,11981,442,0.0,1
1,1,1,3186,130,0.0,1
1,1,1,5658,456,1.0,0
0,0,0,8309,520,1.0,1
0,0,1,10200,415,1.0,1
1,0,1,1687,160,1.0,1
1,0,1,4282,166,0.0,1
1,1,1,5688,325,1.0,1
1,1,1,5600,512,1.0,1
0,0,0,13201,550,1.0,1
1,1,0,13209,434,1.0,1
1,0,1,3572,426,1.0,1
1,0,1,8151,166,1.0,1
1,0,1,1597,227,1.0,1
1,0,1,10983,210,0.0,0
1,1,0,8305,590,1.0,1
1,0,1,4964,371,0.0,0
0,1,0,3287,400,0.0,0
0,0,1,9263,133,0.0,1
0,0,0,6904,311,1.0,0
0,0,0,2183,399,1.0,0
1,0,0,2632,472,1.0,0
0,1,1,13814,224,0.0,1
0,0,1,7377,202,0.0,0
1,1,0,7698,580,1.0,1
1,0,1,12896,305,1.0,0
0,0,1,12815,219,1.0,1
0,0,0,5336,269,1.0,0
1,1,1,14568,134,0.0,1
0,0,0,11306,481,0.0,0
1,0,1,2541,430,1.0,0
1,0,1,12557,345,1.0,1
1,0,0,7389,439,1.0,1
1,0,0,2354,513,1.0,1
0,1,0,7238,408,0.0,0
1,1,0,3526,157,0.0,0
1,0,1,11679,511,1.0,1
0,0,1,6865,498,1.0,0
1,1,1,4050,521,1.0,1
0,0,0,14900,405,0.0,1
0,1,1,8589,240,1.0,1
0,0,1,1739,210,1.0,1
1,0,1,1989,262,1.0,1
0,1,0,13543,210,0.0,0
0,0,0,2536,251,1.0,1
1,1,1,11030,475,1.0,0
0,1,1,7632,164,1.0,1
0,1,0,6280,205,1.0,0
0,0,0,9409,315,0.0,0
0,1,0,4769,190,1.0,1
0,1,0,7622,501,1.0,1
1,0,1,12246,541,1.0,0
0,0,0,7210,125,1.0,1
0,0,1,13192,256,0.0,1
1,0,0,13554,171,1.0,1
1,0,1,3267,143,0.0,0
1,0,1,6208,189,1.0,0
0,1,0,9853,232,1.0,0
1,0,1,10347,260,1.0,0
0,1,1,4506,331,1.0,1
0,0,1,14408,479,1.0,0
1,1,0,13198,360,1.0,1
1,1,0,2756,482,1.0,1
0,0,0,11850,468,0.0,1
1,0,1,11643,210,1.0,1
0,1,1,8577,263,1.0,0
1,0,1,6851,176,0.0,1
1,0,1,2249,308,0.0,1
1,1,0,2208,112,1.0,1
0,1,1,7916,508,0.0,1
1,1,1,11313,157,1.0,1
0,0,1,8450,485,0.0,0
0,0,0,13828,443,1.0,1
0,0,1,14347,135,0.0,0
0,0,0,10157,124,1.0,1
1,1,0,13687,133,1.0,1
0,0,1,10792,239,1.0,1
0,1,1,3213,374,1.0,1
1,0,1,14277,469,1.0,1
0,0,1,9436,461,1.0,1
1,1,0,9808,321,1.0,1
0,0,0,12173,136,1.0,1
1,0,0,1695,462,1.0,1
0,1,0,6214,228,1.0,1
1,0,0,11166,415,1.0,0
0,1,0,12164,422,1.0,1
0,1,0,13821,532,1.0,1
1,1,0,12746,317,1.0,0
1,1,0,2774,434,0.0,0
1,0,0,5209,529,1.0,1
1,0,1,1838,347,1.0,1
0,0,1,8261,210,1.0,1
0,1,1,5011,403,1.0,1
1,0,0,5775,319,1.0,1
0,0,1,14409,295,0.0,1
1,0,0,12991,246,0.0,1
1,0,0,3156,443,1.0,1
0,1,1,8262,139,1.0,1
0,1,0,10334,233,1.0,1
0,0,1,11372,563,1.0,1
0,1,0,11042,451,0.0,1
0,0,0,6773,577,0.0,1
0,0,1,10310,290,1.0,1
0,0,1,2669,262,1.0,0
1,1,1,9943,555,1.0,0
1,0,1,9673,160,1.0,1
1,1,1,1801,104,0.0,1
1,1,1,12833,136,1.0,1
1,0,0,3066,559,1.0,1
0,1,0,12856,316,0.0,0
1,1,0,9316,324,1.0,1
1,0,0,13649,586,1.0,0
1,1,1,3710,315,1.0,1
1,1,0,12844,238,1.0,1
1,0,0,13351,205,1.0,1
1,0,1,8730,198,1.0,1
1,1,0,10303,267,0.0,0
0,0,1,14859,548,1.0,0
0,0,1,8088,363,1.0,1
1,1,1,3443,186,0.0,1
0,1,0,9765,183,1.0,1
0,0,1,12565,323,0.0,1
0,1,0,6137,110,1.0,1
0,0,0,9848,426,1.0,1
1,0,0,13250,285,1.0,0
0,1,1,6885,449,1.0,0
0,1,1,1755,478,0.0,1
0,0,1,4610,531,1.0,1
1,0,0,10743,330,1.0,0
1,0,0,6532,240,1.0,0
1,0,1,7761,205,1.0,1
1,1,0,3917,352,0.0,0
1,0,1,3756,543,0.0,0
1,1,1,4134,148,1.0,1
1,1,0,12588,550,1.0,0
0,0,0,3391,362,1.0,1
0,1,1,13375,590,1.0,0
0,1,0,14103,304,1.0,1
1,0,1,4964,456,1.0,1
1,1,1,12183,508,0.0,1
1,1,0,13431,506,1.0,1
1,0,1,11467,150,1.0,0
1,0,0,13628,274,1.0,1
0,0,1,8926,324,1.0,1
0,0,0,3470,360,1.0,0
1,0,0,13411,579,1.0,1
1,0,1,5453,321,1.0,0
1,0,0,7318,322,1.0,0
1,1,0,8271,368,1.0,1
0,1,1,12184,397,0.0,1
1,0,0,14357,480,0.0,1
1,1,1,8248,488,1.0,1
1,1,0,6503,506,0.0,1
1,0,1,2148,417,1.0,1
0,1,1,11332,484,0.0,1
1,0,1,14126,173,1.0,1
1,1,1,10220,213,1.0,0
0,0,0,3601,318,1.0,1
0,1,1,14923,153,1.0,1
0,1,0,1918,299,1.0,0
1,1,1,3852,471,1.0,1
1,0,0,13201,230,1.0,0
0,1,1,7275,438,1.0,1
0,1,0,9776,291,1.0,1
0,0,0,9191,278,1.0,0
0,0,1,11991,485,1.0,0
0,1,1,3251,404,1.0,1
0,1,1,13913,386,1.0,1
1,1,0,4157,339,1.0,0
1,1,0,13667,344,1.0,0
1,0,0,7623,429,1.0,1
0,1,0,7024,216,0.0,1
0,1,1,3851,307,0.0,0
0,0,1,9571,584,1.0,1
0,1,1,12791,311,1.0,0
0,1,1,2789,358,1.0,1
0,1,0,12815,479,1.0,1
1,0,0,4202,262,1.0,1
1,0,1,10335,325,1.0,1
0,1,0,4405,440,1.0,0
1,1,1,13759,519,0.0,1
0,0,0,13755,163,1.0,0
1,1,0,6169,515,1.0,0
0,1,0,4422,345,1.0,1
0,0,0,8154,117,0.0,1
1,0,0,3521,133,1.0,1
1,0,0,5124,411,0.0,1
0,1,1,7844,585,0.0,1
0,1,0,9278,422,1.0,1
1,1,1,12562,280,1.0,1
1,1,1,12810,550,1.0,1
0,0,1,1636,446,0.0,0
1,1,1,5725,293,0.0,1
0,1,1,10910,291,1.0,1
0,0,1,10709,166,1.0,0
0,0,0,13392,308,1.0,0
0,1,0,14219,465,1.0,1
1,0,0,4640,266,0.0,1
1,0,1,13221,345,1.0,0
1,1,1,4087,344,0.0,1
1,1,1,12074,265,1.0,0
1,1,0,8169,395,1.0,1
1,1,0,4105,502,1.0,1
1,0,0,6504,310,1.0,0
0,0,1,12779,591,1.0,1
1,1,1,13219,232,1.0,1
1,1,1,12249,296,1.0,1
0,0,0,9900,497,1.0,0
1,1,1,9004,446,1.0,0
1,1,1,5310,148,0.0,0
0,1,1,7580,163,1.0,1
1,1,1,8908,211,1.0,1
1,0,0,5653,455,1.0,0
1,1,0,11699,284,1.0,1
0,0,1,12555,203,1.0,1
1,1,1,4876,518,0.0,1
1,1,0,2868,312,1.0,0
0,0,0,9309,104,1.0,1
1,1,1,5300,218,0.0,1
0,0,0,2537,443,1.0,0
0,1,0,14164,348,0.0,1
1,1,1,11982,266,0.0,1
0,1,0,2492,482,1.0,0
0,1,0,8812,341,1.0,1
1,1,0,12630,379,1.0,1
0,0,0,6010,523,1.0,1
0,0,1,1893,462,1.0,1
1,1,0,9505,337,1.0,1
1,1,0,5186,405,0.0,1
1,0,1,14516,304,1.0,1
0,0,0,1857,585,1.0,1
1,1,1,5504,592,1.0,0
0,1,1,2681,413,1.0,0
0,0,0,8317,100,1.0,0
0,1,0,3565,270,0.0,1
0,0,0,8371,266,1.0,1
0,1,0,13594,493,0.0,0
0,0,0,13110,357,1.0,1
0,0,1,4629,162,0.0,0
1,1,0,1654,371,1.0,1
1,0,1,13250,136,1.0,1
0,1,0,11246,115,1.0,1
0,1,1,10178,353,0.0,1
1,1,0,7794,442,1.0,1
0,1,0,11074,445,1.0,1
1,0,0,3915,435,1.0,1
1,1,0,2570,126,1.0,0
1,1,0,3754,546,1.0,1
0,1,1,9542,210,1.0,0
0,1,0,11198,332,1.0,1
1,0,0,11567,577,1.0,1
1,1,0,14711,163,1.0,0
1,0,1,9307,196,0.0,0
1,0,0,8340,515,1.0,1
1,0,1,8213,492,1.0,1
0,1,0,3690,366,0.0,1
1,1,1,8764,584,1.0,1
0,1,0,10762,425,1.0,0
1,1,0,9882,513,1.0,1
0,0,1,9831,331,1.0,1
0,0,0,14402,498,1.0,1
0,1,1,8898,542,1.0,1
0,1,0,13702,147,1.0,1
0,1,0,13103,449,1.0,1
0,1,1,4472,309,1.0,1
1,1,0,3014,175,1.0,1
0,1,1,12812,346,1.0,0
1,1,1,5470,415,0.0,1
0,0,0,6219,167,0.0,0
0,0,0,13216,412,0.0,1
1,0,0,2845,163,0.0,1
0,0,1,13874,281,1.0,0
1,1,1,3417,179,0.0,1
1,1,0,9141,442,1.0,0
1,1,1,14069,302,1.0,0
1,1,1,13602,281,1.0,1
0,1,1,14885,542,0.0,0
0,0,1,10144,571,1.0,1
1,1,0,13834,313,1.0,1
0,0,0,3111,522,0.0,0
0,1,0,12859,219,1.0,1
1,0,1,3578,498,1.0,0
0,1,1,12273,340,1.0,1
1,0,1,3564,434,1.0,1
1,1,1,8879,301,1.0,1
0,1,0,7279,511,1.0,1
0,1,1,10950,391,0.0,1
0,1,1,14179,153,1.0,1
1,0,0,8650,244,0.0,1
1,1,0,1853,455,1.0,0
0,0,0,14092,185,1.0,1
0,1,1,7218,570,1.0,1
0,0,1,5136,576,1.0,1
0,1,1,11255,121,1.0,1
1,1,1,7544,430,0.0,1
0,0,1,2211,391,1.0,1
1,1,1,13194,335,1.0,1
1,1,0,12424,128,1.0,1
0,0,1,14573,282,1.0,1
0,1,0,10548,525,1.0,0
0,0,0,5772,259,0.0,0
1,1,0,2929,497,1.0,1
0,0,1,7944,117,1.0,1
0,0,1,12184,137,1.0,1
1,0,0,12890,200,0.0,0
0,0,1,4920,389,1.0,0
1,1,1,3568,476,0.0,1
0,1,0,8659,272,1.0,1
1,0,1,6306,442,0.0,0
0,1,1,8344,515,0.0,1
0,1,1,13183,465,0.0,0
1,1,1,9843,166,1.0,1
1,0,0,4731,290,1.0,0
0,1,0,4406,538,1.0,0
1,1,1,5051,142,1.0,1
1,0,1,11158,222,1.0,1
1,1,1,5691,377,1.0,0
1,0,0,4923,442,0.0,0
0,0,1,5557,295,1.0,1
0,0,1,6694,432,1.0,1
1,1,0,12617,224,1.0,0
1,1,1,5165,195,1.0,1
1,0,0,6235,477,1.0,1
1,0,1,13122,256,1.0,0
0,0,0,10848,139,0.0,1
0,0,1,7889,459,1.0,0
1,0,1,13899,272,0.0,0
1,0,0,9382,474,0.0,0
1,1,0,6789,493,1.0,1
0,0,0,9298,560,0.0,0
1,0,0,4908,272,1.0,1
0,0,0,2661,219,1.0,1
1,1,1,2759,372,1.0,1
0,1,0,5590,457,0.0,1
1,1,0,12533,485,0.0,1
0,1,0,7190,500,1.0,0
1,0,0,12894,463,1.0,0
1,1,1,4481,445,1.0,0
1,0,1,9565,474,1.0,0
0,0,1,5054,521,1.0,1
1,0,1,13164,520,1.0,1
0,0,1,10916,418,0.0,1
0,0,0,14079,360,1.0,1
1,0,1,3889,380,1.0,1
1,1,1,9658,428,1.0,1
1,1,0,2514,223,0.0,1
0,1,0,7229,575,1.0,1
1,1,1,14372,377,1.0,1
0,1,1,11718,192,1.0,1
0,0,0,5213,546,0.0,1
1,1,1,2992,134,1.0,1
1,1,0,9085,410,1.0,1
1,1,0,5622,227,1.0,1
1,0,1,11392,119,1.0,1
1,0,1,1954,360,1.0,1
1,0,1,2417,266,1.0,1
0,1,0,8223,418,1.0,1
0,1,0,9705,335,1.0,1
0,1,1,7741,131,1.0,1
1,1,1,5874,330,0.0,1
0,1,1,7559,290,1.0,0
0,0,0,1989,429,0.0,1
0,1,0,2484,523,1.0,1
0,0,0,2460,244,1.0,1
0,1,1,9550,200,1.0,0
1,0,0,3282,178,1.0,0
1,0,0,7483,556,1.0,1
0,0,1,3369,259,1.0,0
0,0,0,12996,354,1.0,1
0,1,1,4144,378,1.0,0
1,1,0,8338,558,0.0,1
1,1,1,5845,287,1.0,1
0,0,1,7202,560,1.0,1
1,1,0,14527,309,1.0,0
1,1,1,13360,340,1.0,0
0,1,0,14093,155,0.0,1
1,1,1,9575,236,1.0,1
1,0,1,9130,205,1.0,1
0,0,1,7402,168,0.0,0
1,1,0,7532,289,1.0,1
1,1,1,3325,291,1.0,1
0,1,1,12999,590,0.0,1
1,0,0,13054,377,1.0,1
1,0,1,4610,131,1.0,1
0,0,1,12457,274,1.0,1
0,1,1,13970,357,0.0,1
0,0,1,5270,222,1.0,1
1,0,0,12384,184,1.0,1
0,0,1,1529,575,1.0,0
1,0,1,10458,535,1.0,1
0,0,0,10306,315,1.0,0
1,1,1,10696,315,1.0,1
0,1,1,3621,113,1.0,1
0,1,0,12818,136,1.0,0
0,1,0,4509,126,1.0,1
0,0,0,5319,251,1.0,1
1,1,0,9239,163,0.0,1
0,1,1,9715,169,1.0,0
0,1,0,5559,253,1.0,1
1,0,1,12785,537,1.0,1
0,1,0,14843,352,1.0,1
1,0,1,4410,370,1.0,0
0,0,0,3470,128,1.0,1
0,0,0,11230,583,1.0,1
0,1,1,8155,173,1.0,1
1,0,0,12833,383,0.0,0
0,1,0,6267,158,1.0,1
0,1,0,13661,342,1.0,1
0,1,1,12616,428,1.0,1
1,0,0,10262,248,1.0,1
1,0,0,14551,109,0.0,0
0,1,1,2742,231,0.0,0
1,0,1,2212,161,1.0,1
0,0,0,14554,487,1.0,1
0,0,1,10985,482,1.0,0
0,1,1,4366,361,0.0,1
0,0,1,11366,317,1.0,1
0,0,0,13355,331,1.0,1
0,1,0,7653,435,1.0,1
0,0,1,7087,171,1.0,1
1,1,0,11051,575,1.0,1
1,0,1,10327,115,1.0,0
1,0,0,10901,137,1.0,0
1,0,1,9213,276,1.0,1
1,0,0,8361,544,1.0,0
1,0,1,12304,420,1.0,0
1,0,0,2797,481,0.0,1
0,1,0,1857,182,1.0,1
0,0,1,6602,533,1.0,1
0,0,0,1740,116,1.0,1
0,0,0,12296,468,1.0,1
1,1,0,8354,255,1.0,1
1,1,0,13756,271,1.0,1
0,1,0,3326,495,1.0,1
0,0,0,9615,169,1.0,1
1,0,0,5058,170,1.0,0
0,1,0,5360,354,1.0,1
0,1,1,13943,555,1.0,1
0,1,0,5947,230,1.0,0
0,0,1,5639,148,1.0,1
1,1,0,1637,120,1.0,0
0,0,1,5234,491,0.0,1
0,0,0,3467,419,1.0,1
1,0,1,8079,319,1.0,0
1,1,1,6349,286,0.0,1
0,0,0,9834,513,1.0,0
1,1,1,8667,131,0.0,1
0,1,0,7442,302,1.0,1
0,1,0,8966,375,1.0,1
1,1,1,13325,341,1.0,0
0,0,0,7905,115,0.0,0
0,0,1,12251,508,1.0,1
0,0,1,13849,415,1.0,1
0,0,0,7015,272,1.0,0
1,1,0,9551,236,1.0,1
1,1,0,3519,278,0.0,0
0,1,0,7674,458,1.0,1
1,1,0,8592,160,1.0,1
0,0,1,4349,596,1.0,1
0,1,1,2692,523,1.0,0
0,0,0,12005,203,1.0,0
0,1,0,3855,416,1.0,0
0,1,0,4006,294,1.0,1
1,1,1,1833,355,0.0,0
0,1,1,4062,563,1.0,0
1,0,1,12412,175,0.0,1
1,0,0,12130,370,0.0,0
0,0,0,3295,280,1.0,1
0,0,1,1753,231,0.0,1
0,1,0,5157,250,1.0,1
0,1,0,9002,254,0.0,1
0,0,1,11115,458,1.0,1
1,0,1,4737,334,0.0,1
0,1,0,4831,347,1.0,1
0,1,1,2527,264,0.0,0
1,0,0,3666,304,0.0,1
1,0,1,14783,526,1.0,1
0,0,1,13686,264,1.0,1
1,1,0,1969,587,0.0,1
0,0,0,9160,312,1.0,1
1,0,1,9405,512,1.0,1
1,0,0,7483,353,1.0,1
0,0,1,2593,256,1.0,1
1,0,0,6289,276,1.0,1
1,1,1,4412,174,1.0,1
1,0,1,6989,534,1.0,1
1,1,1,1680,277,1.0,0
1,0,0,13759,383,1.0,1
1,0,1,12768,429,1.0,0
0,0,1,10912,232,1.0,1
0,1,1,5642,224,1.0,0
1,1,1,5123,411,1.0,0
0,1,0,6229,419,0.0,1
0,0,0,6759,226,1.0,1
0,0,1,9529,476,1.0,1
1,1,1,11255,444,1.0,1
0,1,0,6184,324,1.0,1
1,0,1,9354,116,1.0,0
0,1,0,5132,596,0.0,0
1,0,1,7473,580,1.0,1
1,1,0,12049,572,1.0,1
0,1,1,7917,452,0.0,1
0,1,0,3062,410,1.0,1
1,0,0,14627,345,0.0,0
0,0,0,2913,236,0.0,1
0,1,1,12198,574,0.0,0
0,0,0,14520,316,0.0,1
1,0,0,8004,295,1.0,1
1,0,1,2517,300,1.0,1
0,0,1,5154,465,1.0,1
0,1,1,8342,306,0.0,0
0,0,1,10449,115,1.0,1
1,0,0,13471,499,1.0,1
1,1,1,7598,112,0.0,1
0,0,1,10312,177,1.0,1
0,0,1,11580,313,1.0,1
0,0,1,5084,440,0.0,0
0,1,1,1681,428,1.0,1
0,1,1,8329,546,1.0,1
0,0,1,12420,218,1.0,0
1,0,0,11987,524,1.0,1
0,1,0,4167,280,1.0,1
1,1,0,11491,423,1.0,1
0,1,0,7673,429,1.0,1
0,0,0,6921,454,1.0,1
1,0,1,11191,472,1.0,0
1,1,1,14735,236,1.0,1
1,0,1,10676,278,1.0,0
1,0,1,13245,531,1.0,1
0,0,0,3864,307,1.0,0
1,0,0,7016,532,1.0,0
0,0,1,4805,501,0.0,1
1,0,1,3715,493,0.0,1
0,0,0,12482,568,1.0,0
0,1,0,1625,470,1.0,1
0,1,0,4120,153,1.0,1
0,1,1,5715,178,0.0,1
0,1,1,2951,370,1.0,0
0,1,0,10700,494,0.0,1
1,1,0,10905,523,1.0,1
0,1,1,13396,217,1.0,0
1,1,1,7047,467,1.0,1
1,1,1,8203,205,1.0,1
0,0,1,8869,204,1.0,1
1,0,0,4630,402,1.0,0
0,1,0,2196,217,1.0,1
1,0,0,3770,481,1.0,0
0,0,1,11207,328,1.0,0
1,1,1,10726,247,1.0,1
0,1,1,12532,453,0.0,1
0,1,0,11227,249,0.0,0
0,0,0,10505,403,1.0,1
0,0,0,10001,355,0.0,1
1,1,1,10703,181,0.0,1
0,0,1,14845,115,1.0,0
1,0,0,10710,488,0.0,1
1,0,1,4911,292,1.0,1
1,1,0,5218,310,1.0,1
0,0,0,8217,173,1.0,1
1,0,0,6420,376,0.0,1
1,0,0,13502,160,0.0,1
1,0,1,3544,560,1.0,1
0,0,1,2616,538,1.0,1
0,0,1,14415,123,0.0,1
1,0,1,2656,122,0.0,1
0,1,1,2488,442,1.0,0
0,1,1,12158,494,0.0,1
1,0,0,7087,530,1.0,1
1,1,1,3328,357,1.0,1
0,0,1,9372,297,1.0,0
1,0,1,11769,152,1.0,0
0,0,0,7588,238,1.0,1
0,1,1,3845,370,1.0,0
0,0,0,10776,300,1.0,1
0,0,1,12197,495,1.0,1
0,1,1,13736,477,0.0,1
0,1,1,12043,478,0.0,1
1,0,0,4505,263,0.0,1
1,1,0,5935,191,1.0,0
0,1,1,12187,122,1.0,1
0,0,1,8128,510,1.0,1
0,0,1,1576,187,1.0,1
1,0,0,7252,497,0.0,1
0,1,0,4062,281,1.0,0
1,1,1,3072,454,0.0,1
0,1,0,8587,382,1.0,1
0,0,0,13879,120,1.0,0
1,1,0,7470,148,1.0,0
1,1,0,9452,289,0.0,0
0,0,1,14253,304,1.0,1
0,0,1,8109,555,1.0,0
0,0,0,9556,143,1.0,1
1,1,0,13362,591,0.0,1
1,0,0,4611,399,1.0,0
1,1,1,4237,227,1.0,1
1,1,1,11044,581,1.0,1
1,0,0,6904,288,0.0,0
1,0,0,10638,269,1.0,1
0,0,0,6149,378,0.0,1
0,0,0,5368,300,1.0,1
1,0,1,4637,484,1.0,0
0,1,1,9324,224,1.0,1
0,1,1,7636,391,1.0,1
1,1,1,9299,410,1.0,1
0,0,1,4986,465,0.0,1
1,1,1,13879,115,1.0,0
1,0,0,2502,444,1.0,1
0,0,0,14155,373,1.0,1
1,1,1,10511,581,1.0,0
1,1,1,10114,393,1.0,1
1,0,1,10263,550,1.0,0
1,1,0,12601,119,1.0,1
1,0,0,9406,118,1.0,1
1,1,0,6859,112,1.0,1
1,1,0,6030,116,0.0,1
1,1,1,11115,305,1.0,0
0,1,0,3133,129,1.0,0
0,1,1,8169,569,1.0,1
0,0,0,3253,398,1.0,0
1,1,0,10159,403,1.0,1
1,1,0,14981,142,1.0,1
0,1,0,14579,192,1.0,0
0,0,1,12614,469,1.0,1
0,0,1,7853,165,1.0,1
1,0,1,11995,218,1.0,1
0,0,1,11398,408,1.0,1
0,0,1,9764,171,0.0,1
1,1,1,1646,433,1.0,0
0,1,1,9007,261,0.0,0
1,1,0,1816,560,1.0,1
1,0,1,10297,429,1.0,1
1,0,0,10266,427,1.0,1
0,1,1,2677,554,1.0,1
0,0,0,13018,368,0.0,1
1,0,1,4922,317,1.0,0
0,0,0,4094,353,1.0,1
0,1,1,12574,539,0.0,1
0,1,1,10003,158,1.0,1
0,0,1,12547,131,1.0,0
1,0,1,2264,438,1.0,0
0,0,0,9336,219,0.0,1
1,0,1,7777,562,1.0,1
1,1,1,12687,409,1.0,0
0,0,0,12892,101,1.0,1
1,1,1,1935,217,1.0,0
0,1,0,4851,136,0.0,1
0,1,0,14145,566,1.0,0
1,0,1,12669,196,1.0,1
1,1,1,4430,458,1.0,0
1,1,0,11991,469,0.0,0
1,0,1,1634,516,1.0,1
0,0,0,13606,356,1.0,1
0,0,1,6118,227,1.0,1
0,1,1,10495,458,1.0,0
1,0,0,12399,255,0.0,1
1,1,1,3866,244,1.0,1
1,1,1,13867,156,1.0,1
0,0,1,12954,169,1.0,1
1,1,0,11168,535,1.0,1
0,1,1,4915,143,1.0,1
1,1,0,12153,311,0.0,0
0,1,1,13634,274,1.0,1
0,0,0,11732,240,1.0,1
1,1,1,14155,175,1.0,1
1,0,1,2506,257,0.0,1
0,1,0,9408,184,1.0,1
0,1,1,10684,421,1.0,1
1,0,0,6191,408,1.0,1
1,1,1,9169,117,1.0,1
0,1,0,9329,383,0.0,1
1,1,1,3396,487,1.0,1
0,1,0,4565,141,1.0,1
0,1,1,4248,590,0.0,0
1,1,0,14832,481,0.0,1
1,0,0,8192,472,1.0,1
1,0,1,4161,233,1.0,1
1,0,0,4478,201,1.0,1
1,1,0,8449,236,1.0,1
0,1,1,7875,503,1.0,1
0,1,1,7959,592,1.0,1
1,0,1,11515,321,0.0,1
1,1,1,13099,328,1.0,0
1,0,1,7607,393,1.0,1
0,1,1,14198,551,1.0,0
1,1,0,14174,585,1.0,1
1,1,0,11440,405,1.0,1
0,0,0,8001,415,1.0,0
0,1,1,14809,496,0.0,1
1,0,1,4161,218,0.0,1
1,1,0,7665,198,1.0,1
1,1,0,9710,449,1.0,1
0,0,1,4858,525,0.0,0
1,1,0,1775,423,1.0,1
1,1,1,5578,508,0.0,0
1,1,1,6254,258,1.0,0
0,1,0,12637,338,1.0,1
0,0,1,14339,495,1.0,1
1,0,1,14466,419,1.0,1
1,1,1,6198,434,1.0,1
0,1,1,1864,288,0.0,1
0,0,0,11665,408,1.0,1
0,1,1,2294,348,1.0,0
0,0,1,8295,125,1.0,0
0,1,0,7370,288,1.0,1
0,0,1,2089,493,1.0,0
0,0,1,5794,239,1.0,0
0,0,0,5813,505,1.0,1
0,0,0,10432,587,1.0,1
1,1,1,6245,280,1.0,1
1,1,1,11886,120,1.0,1
1,0,0,8877,262,1.0,1
0,0,1,10361,170,1.0,1
1,0,1,2937,181,1.0,0
0,0,1,14452,254,1.0,1
0,1,0,10547,415,0.0,0
1,0,1,12069,454,1.0,0
0,0,0,14682,146,1.0,0
1,0,0,5533,293,1.0,1
1,0,0,3393,323,1.0,1
1,0,0,9019,498,1.0,0
0,0,1,10878,336,1.0,1
1,0,0,3342,379,1.0,0
0,1,1,7744,567,0.0,0
1,0,0,1826,109,1.0,1
1,0,0,12918,475,1.0,1
1,0,1,3900,571,0.0,1
0,1,0,9606,251,1.0,0
0,1,0,5778,443,0.0,1
0,1,1,6050,203,0.0,1
1,0,0,13793,595,0.0,1
1,0,0,9000,223,1.0,0
0,0,0,5515,284,1.0,1
0,1,1,6952,595,0.0,1
0,0,0,5806,389,0.0,1
0,1,1,9742,140,0.0,1
0,1,1,11160,523,0.0,0
0,1,1,9326,110,1.0,1
1,1,0,10701,317,1.0,1
0,1,0,14164,100,1.0,1
1,0,0,8283,513,1.0,0
1,0,0,5057,270,1.0,1
0,1,1,10766,437,1.0,1
0,0,1,1653,381,1.0,1
1,0,0,10273,152,1.0,1
0,1,0,2287,224,0.0,1
0,1,1,6386,274,1.0,1
1,0,0,4881,364,1.0,0
1,0,0,9066,364,1.0,1
1,0,0,7777,484,0.0,1
0,0,0,3767,298,1.0,0
1,1,0,5758,355,1.0,1
0,0,0,2470,271,1.0,1
1,1,1,10339,158,1.0,0
1,1,1,2445,539,1.0,0
1,0,1,14476,205,1.0,0
0,0,1,7118,534,0.0,1
0,0,0,9691,224,1.0,1
1,1,0,2995,115,1.0,0
1,1,1,3547,137,1.0,1
1,1,1,10864,494,1.0,0
0,1,1,13910,342,1.0,0
1,0,1,14591,508,1.0,0
0,1,1,4386,576,0.0,1
1,1,0,6688,566,1.0,0
1,0,0,5658,309,0.0,1
1,1,1,10424,594,0.0,1
1,1,1,12779,414,1.0,0
1,0,0,4961,384,1.0,1
1,1,0,8233,563,1.0,1
0,1,0,3157,593,1.0,1
1,1,1,6543,267,1.0,1
0,1,0,7860,363,1.0,1
1,0,1,1978,197,0.0,1
1,1,1,10829,233,1.0,1
0,0,0,5453,528,1.0,1
1,1,0,10668,464,0.0,1
0,0,0,9928,280,0.0,1
0,0,1,12215,321,1.0,1
1,0,0,5543,463,1.0,1
0,1,0,2097,581,1.0,0
0,1,1,11394,248,0.0,1
1,1,0,11868,343,0.0,0
0,0,0,12249,412,1.0,1
1,1,1,9856,175,1.0,1
1,1,1,3824,468,1.0,1
1,1,1,8799,361,0.0,1
1,1,1,12731,330,1.0,0
0,0,1,2069,290,1.0,0
1,0,0,4828,479,1.0,0
1,1,0,1640,233,1.0,1
0,1,1,10377,408,1.0,1
1,1,0,10378,351,1.0,0
1,0,0,4780,487,1.0,1
0,1,1,4263,344,1.0,0
0,0,1,5090,364,0.0,1
0,0,1,3538,424,1.0,1
0,1,0,2574,429,0.0,0
0,1,1,7122,466,1.0,0
0,1,0,3725,555,1.0,0
0,0,0,14709,442,1.0,1
1,0,0,9023,103,0.0,0
0,1,0,11033,541,1.0,1
0,0,1,11381,136,1.0,1
0,1,0,12702,170,1.0,1
1,1,1,1863,361,1.0,0
1,0,0,14866,336,1.0,1
0,0,1,10759,406,0.0,1
0,0,1,12332,589,0.0,1
0,0,1,13441,562,0.0,1
1,1,0,3530,454,1.0,1
1,1,0,8185,277,0.0,1
0,1,0,7965,195,1.0,0
1,0,1,8291,497,0.0,1
0,1,0,7657,326,1.0,0
1,0,0,2117,110,1.0,1
1,0,0,14146,365,0.0,1
0,0,1,6937,288,1.0,1
0,1,0,12838,308,0.0,1
0,0,0,3482,112,1.0,1
0,0,1,7210,476,0.0,1
1,0,1,1693,261,1.0,1
1,0,1,9664,159,1.0,0
1,0,1,5958,592,1.0,0
0,0,1,2619,534,1.0,0
1,0,1,14851,104,1.0,1
0,0,0,8411,595,1.0,1
1,0,0,8040,301,1.0,1
0,0,1,13894,515,1.0,1
0,0,0,2026,111,1.0,0
1,0,1,11644,535,1.0,1
0,1,0,8654,496,1.0,1
0,1,1,6379,440,1.0,1
1,0,1,11474,339,0.0,0
0,0,0,7345,537,1.0,0
0,0,0,9471,472,1.0,1
0,1,0,14854,477,1.0,1
1,1,0,4173,324,1.0,1
1,1,0,9260,281,1.0,1
0,0,0,12089,396,1.0,1
1,0,0,13416,403,1.0,1
0,0,0,8697,406,0.0,1
0,0,1,6601,530,0.0,1
0,1,0,12281,277,0.0,0
0,0,0,5026,217,1.0,1
0,1,1,5349,451,1.0,0
1,1,1,3134,175,1.0,0
0,0,1,12701,145,1.0,0
1,1,1,1593,326,1.0,0
1,1,0,13486,455,1.0,1
0,1,0,4866,393,1.0,1
0,1,1,9216,339,1.0,1
1,0,1,4446,447,1.0,1
1,0,0,1588,240,1.0,1
1,1,0,4050,303,1.0,1
0,0,0,12506,249,1.0,1
1,1,0,7637,591,1.0,1
0,0,1,7857,229,0.0,0
0,0,0,2945,448,1.0,0
0,0,1,6121,432,1.0,1
1,0,1,7835,582,1.0,1
0,0,1,3330,368,1.0,1
0,1,0,12433,412,1.0,1
0,0,1,8285,517,1.0,1
0,1,0,8891,502,1.0,0
0,1,1,2054,236,1.0,1
1,0,0,13456,215,0.0,1
0,1,1,3934,450,1.0,1
0,0,1,10372,260,0.0,1
1,1,0,8419,254,1.0,0
0,1,0,7093,272,1.0,1
1,0,1,11323,229,1.0,0
0,0,1,1702,178,1.0,1
1,0,0,8653,566,1.0,1
1,0,1,6042,156,1.0,1
0,1,0,13610,450,1.0,1
0,0,0,12831,156,1.0,1
0,1,1,14903,499,1.0,0
1,1,0,14565,462,0.0,0
1,1,1,9510,434,1.0,1
1,1,0,11917,233,1.0,1
0,1,0,11378,113,0.0,1
1,1,1,2328,382,1.0,1
1,0,0,14346,393,1.0,1
0,1,1,8670,246,1.0,1
1,1,0,3522,520,1.0,1
1,1,0,9794,226,1.0,1
0,0,0,11249,590,1.0,1
1,0,0,5711,359,1.0,0
0,1,1,6454,413,1.0,1
0,0,0,5587,317,1.0,1
0,1,0,12203,492,0.0,1
0,0,0,9795,332,0.0,0
0,1,1,13130,468,1.0,0
1,0,1,14716,267,1.0,1
1,0,1,12549,242,1.0,1
0,0,1,8285,588,1.0,0
0,1,0,10498,584,0.0,0
1,1,0,8666,359,0.0,0
0,1,0,6155,317,1.0,0
0,0,1,3574,407,0.0,1
0,0,1,10218,245,1.0,0
1,1,0,8418,588,1.0,0
1,0,0,4936,536,1.0,1
0,1,0,6548,542,1.0,0
0,1,1,9989,198,0.0,1
1,1,0,6372,281,1.0,1
1,1,0,1860,268,0.0,1
0,0,1,13409,332,1.0,0
0,0,1,6099,543,0.0,1
1,0,0,11668,192,1.0,1
1,1,1,8231,216,1.0,1
1,0,0,3577,571,0.0,1
0,1,0,13103,103,1.0,1
1,1,0,3673,184,1.0,1
0,1,0,6191,266,1.0,1
1,1,1,11281,106,0.0,0
1,1,1,2889,480,1.0,0
1,1,1,9462,506,1.0,1
1,0,0,7471,331,0.0,1
0,0,0,5014,350,1.0,1
0,0,0,9954,184,0.0,1
1,0,1,12675,418,1.0,1
0,1,1,4419,292,1.0,1
1,1,0,11555,222,1.0,1
1,0,1,1501,524,1.0,1
1,0,1,3433,188,1.0,1
1,0,1,1893,194,1.0,1
0,0,1,9997,474,0.0,1
1,0,0,14957,399,0.0,1
1,0,1,2029,457,1.0,1
0,0,0,6123,144,1.0,1
1,0,1,13071,352,1.0,1
1,1,0,10656,552,1.0,1
1,1,0,13711,472,1.0,0
0,1,1,10362,578,1.0,1
1,1,0,5568,150,1.0,1
0,0,0,9007,164,1.0,1
1,1,1,7995,153,0.0,0
1,0,0,8453,539,1.0,1
0,1,1,6553,321,1.0,1
1,0,0,11944,565,1.0,0
1,0,1,4172,171,1.0,1
0,1,1,3213,475,1.0,0
0,1,1,5544,573,1.0,1
0,0,1,14508,267,1.0,1
0,0,1,2135,285,0.0,0
0,0,0,6634,242,1.0,1
1,1,0,13191,118,1.0,1
0,1,1,8119,109,1.0,1
1,0,0,14344,571,1.0,1
1,1,0,10809,371,1.0,1
1,0,0,11846,270,1.0,1
0,1,1,8945,514,1.0,0
0,1,1,13915,463,1.0,1
1,1,0,8102,115,1.0,1
0,1,1,1537,179,0.0,0
0,1,1,11324,383,1.0,0
0,0,0,13985,289,1.0,1
0,0,1,5275,247,1.0,0
1,1,1,11746,262,1.0,0
1,0,1,5585,542,1.0,0
0,0,1,13095,364,1.0,1
1,1,1,10210,459,1.0,1
0,0,0,11933,237,0.0,1
0,1,1,12055,400,1.0,1
1,0,1,6620,565,1.0,1
1,0,0,14873,464,1.0,0
1,0,0,8244,592,0.0,1
0,0,1,2541,498,1.0,0
1,0,0,6215,592,0.0,1
0,0,1,2894,129,0.0,1
1,0,0,4369,403,0.0,1
1,1,1,5176,579,1.0,1
0,1,0,5221,267,0.0,1
0,1,1,13464,190,1.0,1
0,1,0,7190,190,0.0,1
0,0,1,7318,310,0.0,1
0,0,1,1734,429,1.0,1
0,0,1,4640,399,1.0,1
0,1,0,10138,273,1.0,1
0,1,0,14397,233,1.0,1
1,1,1,9699,472,1.0,0
0,0,1,14249,123,0.0,1
0,1,1,2499,300,1.0,1
1,0,1,2834,318,1.0,1
0,1,0,9825,106,1.0,1
1,0,0,12124,105,1.0,1
1,1,0,9747,217,0.0,0
0,0,1,6588,260,1.0,0
1,1,1,6979,184,1.0,1
0,1,0,7590,465,1.0,1
1,0,0,12877,347,1.0,1
1,0,0,2611,265,1.0,1
1,1,0,12871,527,0.0,1
0,0,1,11215,244,1.0,1
0,1,1,9835,130,1.0,1
1,0,1,4416,520,0.0,1
1,1,0,8299,494,1.0,1
0,0,1,3603,319,1.0,0
0,1,0,10311,232,1.0,0
1,1,0,11578,163,1.0,1
1,1,0,6625,175,1.0,1
0,0,0,8090,230,0.0,1
0,1,0,11712,411,0.0,0
0,0,1,11100,418,1.0,0
0,0,1,4421,460,1.0,1
0,0,1,6234,137,1.0,1
1,1,0,4873,153,1.0,0
0,0,1,13168,229,1.0,1
1,0,0,8254,317,1.0,1
0,0,1,2336,101,1.0,0
1,1,0,13594,345,0.0,1
0,0,0,11277,239,0.0,1
0,0,1,14567,395,0.0,1
1,0,0,10528,357,1.0,0
1,0,1,12249,204,1.0,1
0,1,1,12551,480,1.0,1
0,1,1,8207,435,0.0,0
0,0,0,14052,577,0.0,0
0,0,0,6812,284,0.0,1
0,0,0,11089,402,0.0,1
1,0,0,5322,593,1.0,1
1,1,1,7653,343,1.0,1
0,1,0,14089,263,0.0,1
1,1,1,13122,231,1.0,1
1,1,1,2304,302,0.0,1
1,0,0,2575,507,0.0,0
0,0,0,13886,309,1.0,0
1,1,1,12332,446,1.0,1
0,1,0,12776,200,1.0,1
1,0,1,11105,545,1.0,1
0,0,0,5952,485,1.0,1
1,0,0,3163,370,1.0,1
0,0,1,12667,558,1.0,0
0,0,1,13798,574,1.0,0
1,1,1,13868,148,0.0,0
0,1,0,8928,467,1.0,0
0,0,0,3553,338,0.0,1
0,0,0,3920,314,1.0,0
0,1,1,4028,390,1.0,1
0,0,1,5817,471,1.0,0
0,1,0,11632,449,0.0,1
0,1,1,9477,530,1.0,1
0,1,0,12844,379,1.0,1
1,1,1,11638,566,1.0,1
1,0,0,10206,415,1.0,1
0,0,0,8727,576,1.0,0
0,1,0,9912,176,1.0,1
1,0,1,1727,403,1.0,1
1,0,1,3837,250,0.0,1
1,0,0,14080,495,0.0,1
0,0,0,12956,596,1.0,1
1,1,0,2455,595,1.0,1
0,0,0,2997,396,0.0,1
0,1,0,10972,256,1.0,0
1,1,0,3478,297,1.0,0
0,0,1,3029,534,1.0,1
0,1,1,14175,483,1.0,0
0,0,1,4162,506,0.0,1
0,0,1,12105,386,0.0,0
1,1,0,12397,592,0.0,1
1,0,0,7933,504,0.0,1
0,1,0,8945,123,0.0,1
0,1,1,13227,555,1.0,0
1,0,1,5784,591,0.0,1
0,0,0,10609,108,1.0,1
1,0,1,2701,505,1.0,0
0,1,1,14711,231,1.0,1
0,0,0,8631,176,1.0,1
1,1,0,12114,325,1.0,0
1,1,0,11313,230,1.0,0
1,0,1,2259,584,1.0,0
1,0,0,7073,475,1.0,1
0,0,0,6661,511,0.0,1
1,1,0,5789,189,0.0,0
0,0,1,6946,597,0.0,0
1,1,1,11180,216,0.0,1
1,0,0,5758,209,0.0,0
0,0,0,5871,476,0.0,0
1,1,1,14151,453,1.0,1
1,1,1,3165,370,1.0,1
1,0,0,8418,491,0.0,1
1,0,1,8123,531,1.0,1
0,0,0,11694,326,1.0,1
0,0,0,10151,571,1.0,1
1,0,1,8932,343,1.0,1
1,1,0,8182,407,1.0,1
1,1,0,12713,154,1.0,1
0,1,1,7728,136,0.0,1
0,1,0,7327,487,0.0,1
0,0,1,6935,154,1.0,1
0,1,0,11982,111,1.0,1
1,1,0,9136,502,1.0,1
1,1,1,2865,562,1.0,1
1,0,1,8844,284,1.0,1
0,1,1,4701,577,1.0,1
1,0,1,6252,336,1.0,0
0,1,1,14894,392,1.0,1
0,0,1,11075,303,1.0,1
1,1,0,11827,310,1.0,1
1,0,1,14529,325,1.0,1
1,1,0,7591,106,1.0,1
0,0,1,12724,319,1.0,0
0,0,0,13401,410,1.0,1
1,1,0,8114,127,1.0,0
1,0,1,3021,576,1.0,0
0,0,0,9021,392,1.0,1
1,1,0,8059,311,0.0,1
0,1,0,3123,288,1.0,0
0,0,1,10373,174,1.0,1
1,1,1,4634,341,1.0,1
1,1,0,14900,213,1.0,1
1,1,1,7320,266,1.0,1
1,0,1,12953,205,1.0,1
0,0,0,6494,250,1.0,0
0,0,0,6196,535,1.0,0
0,0,1,13111,465,0.0,1
1,0,1,3367,183,1.0,1
0,0,1,13301,311,1.0,0
1,0,0,10891,366,0.0,1
1,1,1,4323,421,1.0,1
1,0,1,12640,368,0.0,1
1,0,1,13670,560,0.0,1
1,1,0,13317,524,0.0,1
1,1,0,14270,276,1.0,0
0,1,0,7606,370,1.0,0
1,0,1,14930,411,1.0,1
0,1,1,1668,281,1.0,1
0,0,0,9287,258,0.0,0
1,0,1,11713,288,1.0,0
1,0,1,11886,285,0.0,1
1,1,1,10130,570,1.0,1
0,1,0,12952,543,1.0,1
1,0,1,13947,408,1.0,0
0,0,1,6409,569,1.0,0
1,0,0,9527,345,1.0,1
1,1,1,12141,416,1.0,0
0,0,0,6181,563,1.0,0
0,1,1,10555,483,1.0,1
1,0,0,6637,141,1.0,1
0,1,0,9831,384,1.0,1
0,0,1,6734,567,1.0,0
0,1,1,14115,575,1.0,1
0,1,0,1724,510,1.0,1
0,1,1,10249,399,1.0,0
1,1,0,8082,576,0.0,1
1,1,1,3073,488,1.0,1
0,1,1,10077,535,1.0,1
1,0,1,10212,468,1.0,1
1,0,1,8263,461,1.0,1
0,0,0,13664,585,1.0,1
1,0,0,6717,536,1.0,0
0,1,1,12526,535,1.0,0
0,0,1,4642,393,1.0,0
1,1,1,11525,527,1.0,0
0,1,1,14234,280,1.0,1
0,1,1,12853,470,1.0,1
0,0,0,5001,485,0.0,1
0,1,0,13894,464,0.0,1
0,0,1,2999,281,1.0,0
1,0,0,12655,439,1.0,1
1,0,0,11169,590,1.0,1
0,0,1,10595,594,1.0,1
0,0,0,11323,560,1.0,1
1,1,0,13678,317,1.0,1
0,1,0,8187,262,1.0,1
1,0,0,6745,145,1.0,0
0,1,1,10862,555,1.0,0
0,0,0,12019,191,1.0,0
0,1,0,13811,204,1.0,1
0,1,0,14739,306,1.0,1
0,1,1,3244,538,1.0,0
0,1,0,3539,597,0.0,0
0,1,0,9811,427,0.0,1
1,1,0,5357,238,1.0,0
1,1,1,11367,128,0.0,1
1,1,1,11012,350,1.0,1
0,1,1,6450,552,1.0,0
0,1,1,10707,290,1.0,1
0,1,1,8587,146,1.0,1
0,1,0,14235,466,1.0,1
0,1,1,7531,350,1.0,1
0,0,0,3243,362,1.0,1
0,1,1,14783,472,1.0,1
1,1,1,11634,163,0.0,1
0,1,1,5041,437,1.0,1
1,1,0,11138,419,0.0,1
1,1,0,5116,447,1.0,0
0,1,0,14872,367,0.0,0
0,0,1,5394,111,0.0,1
1,0,1,3224,391,1.0,0
1,0,1,7727,128,1.0,1
0,1,1,11964,238,1.0,1
0,1,1,5562,536,0.0,1
1,1,1,9347,553,1.0,1
0,0,0,5781,184,1.0,0
0,1,0,9763,173,1.0,1
0,1,1,13861,350,0.0,1
1,0,0,3700,323,1.0,1
1,0,0,3643,146,1.0,1
1,1,0,13449,516,1.0,1
0,1,1,4681,180,1.0,0
0,1,1,11173,550,1.0,0
1,1,1,4375,220,1.0,0
1,0,1,8020,142,1.0,0
1,1,0,14552,245,1.0,1
0,1,1,13771,173,1.0,1
1,0,1,2596,152,1.0,1
1,1,1,13999,332,1.0,1
0,1,0,10415,394,1.0,0
0,0,0,12931,462,1.0,1
0,0,0,8418,299,1.0,1
1,1,0,12070,261,1.0,1
0,0,0,9648,136,1.0,1
0,0,1,14538,524,1.0,1
1,1,0,4714,196,1.0,0
0,0,0,9249,148,1.0,1
1,1,1,7064,483,0.0,1
1,1,1,4371,109,1.0,1
0,1,1,5989,139,1.0,1
0,1,0,6107,501,1.0,1
0,0,1,14473,252,1.0,1
0,1,0,13611,205,1.0,1
0,1,1,8264,140,0.0,1
0,1,0,7334,263,1.0,1
1,1,0,11412,357,1.0,1
1,0,0,4899,310,1.0,1
0,0,0,6878,301,1.0,1
1,0,1,3357,532,1.0,0
0,1,1,9104,294,0.0,1
1,0,0,12457,152,1.0,1
1,0,1,9231,246,1.0,1
1,1,0,3896,598,1.0,1
0,0,1,13456,381,0.0,0
1,1,1,13713,409,1.0,1
0,0,0,13578,342,1.0,0
1,0,0,12254,150,1.0,0
1,0,1,12138,594,1.0,0
1,0,0,13359,508,1.0,0
1,1,1,3761,213,0.0,1
1,1,1,13309,372,1.0,1
0,0,1,2812,557,1.0,1
0,1,0,11556,219,1.0,0
1,0,0,3805,288,1.0,1
1,0,1,7007,145,1.0,1
1,0,0,11499,342,0.0,1
1,0,0,4241,410,0.0,1
0,0,1,4836,149,1.0,1
1,0,0,8980,430,0.0,1
0,1,0,6659,110,1.0,1
1,1,1,2497,495,1.0,1
0,0,0,7853,523,0.0,1
1,1,1,3819,147,1.0,1
1,0,0,4707,476,0.0,0
0,1,0,10290,155,1.0,1
1,1,1,10775,107,0.0,1
1,1,1,5081,571,0.0,1
1,0,0,4586,113,1.0,1
0,1,1,8666,314,0.0,1
1,0,1,11994,469,0.0,1
1,0,0,12476,539,1.0,1
0,0,1,2221,344,1.0,1
0,1,0,2654,153,0.0,0
0,1,0,8667,583,0.0,1
1,1,1,1516,372,1.0,1
1,0,0,8597,528,1.0,1
1,0,1,10683,488,0.0,1
0,1,0,14665,230,1.0,1
1,0,1,3732,108,0.0,0
1,1,1,13154,311,1.0,0
0,1,0,2946,221,1.0,1
0,1,1,11157,213,1.0,0
0,1,1,13459,119,0.0,0
0,0,1,7274,598,1.0,1
0,1,0,13319,438,1.0,0
1,1,0,4583,120,1.0,1
0,1,1,11235,307,1.0,1
1,1,1,9771,132,1.0,0
1,1,0,8452,232,1.0,1
0,1,0,9341,507,1.0,1
0,1,0,12979,290,1.0,1
0,0,1,10963,562,1.0,0
1,0,0,11256,125,1.0,1
0,0,1,6891,463,1.0,1
0,0,0,14816,188,0.0,1
0,1,1,11405,191,1.0,1
0,0,0,10701,132,1.0,1
0,0,1,10464,337,1.0,1
1,0,0,9414,117,1.0,0
1,1,0,1982,373,1.0,1
1,0,1,12084,521,1.0,0
0,0,0,7181,388,1.0,1
0,1,0,8937,126,1.0,1
0,0,0,12871,404,1.0,0
1,1,0,11273,533,0.0,0
0,0,1,12213,498,1.0,1
0,1,1,10797,207,0.0,1
0,0,0,13401,560,1.0,1
1,0,1,6703,535,1.0,1
0,0,1,4861,325,1.0,0
1,1,1,13962,423,1.0,1
0,0,1,7447,454,1.0,0
1,1,1,10533,118,1.0,1
1,1,0,5034,322,0.0,1
1,1,1,3372,380,1.0,1
0,1,0,8758,203,1.0,1
0,0,1,7482,431,1.0,1
1,0,0,5005,431,1.0,1
1,0,0,4820,461,1.0,0
0,1,0,4228,508,0.0,0
0,0,1,2454,388,1.0,1
1,1,1,3095,543,1.0,1
0,1,0,3788,136,1.0,0
0,1,0,8345,447,1.0,1
0,0,1,9163,479,1.0,1
0,0,1,14127,343,0.0,0
1,1,0,8436,142,0.0,1
0,0,1,2243,225,0.0,0
0,0,1,2994,108,1.0,1
1,1,1,8106,113,1.0,1
1,1,1,8444,230,0.0,1
0,0,1,13038,424,0.0,1
0,1,1,13802,283,0.0,1
0,1,0,8708,381,0.0,1
0,0,0,11680,482,1.0,1
1,0,0,1707,152,1.0,1
1,1,0,2583,140,1.0,1
1,0,0,3912,437,1.0,1
0,1,0,4811,457,1.0,1
0,1,1,8251,120,0.0,0
0,0,1,9457,476,0.0,1
0,1,0,13702,394,1.0,1
1,1,0,10088,307,1.0,0
1,1,0,11649,587,1.0,0
0,0,1,14581,250,1.0,0
1,0,1,1708,576,1.0,1
0,0,1,14944,557,1.0,0
0,1,1,9048,541,1.0,1
1,1,0,10124,168,1.0,1
0,0,0,4156,430,1.0,1
0,0,0,7350,512,0.0,0
1,0,0,3936,417,1.0,0
0,1,1,14370,536,0.0,0
0,0,1,14219,400,1.0,1
1,1,0,6893,126,1.0,1
0,0,1,14138,215,1.0,1
1,1,1,1633,517,0.0,0
0,1,1,8733,241,1.0,1
1,0,1,2138,140,1.0,0
1,1,0,2728,205,0.0,1
1,0,1,13061,173,0.0,0
0,1,0,13904,159,1.0,1
1,1,1,5519,397,1.0,0
1,0,1,10982,221,0.0,0
1,1,0,3696,534,1.0,1
1,0,0,11395,302,0.0,1
1,0,1,11918,110,1.0,0
0,0,1,11887,518,1.0,1
0,1,0,14252,246,1.0,1
0,1,1,2475,315,1.0,1
0,1,1,7621,473,0.0,1
0,0,0,2528,420,0.0,1
0,0,1,2025,559,0.0,1
0,1,1,3827,544,0.0,1
1,1,1,4046,402,1.0,1
0,0,1,2335,113,0.0,1
1,1,1,3983,166,1.0,1
1,0,0,12555,279,1.0,0
0,1,1,4234,464,1.0,1
1,0,0,11230,341,1.0,1
1,1,0,11602,259,0.0,1
1,1,1,8804,563,1.0,1
1,0,0,5549,585,0.0,0
0,0,1,12334,109,1.0,0
0,0,0,10995,223,0.0,1
0,1,0,9823,372,0.0,1
0,0,0,1892,340,1.0,0
0,0,1,14268,523,1.0,0
0,1,0,13276,551,0.0,1
0,0,0,12367,546,1.0,0
0,0,0,3966,242,1.0,1
0,0,1,2725,452,1.0,1
0,1,1,4205,266,1.0,1
1,1,0,1961,156,1.0,1
0,1,0,11493,237,1.0,1
1,0,0,12965,426,0.0,1
1,1,0,5485,452,1.0,1
1,0,1,1651,116,0.0,0
1,0,1,11961,431,1.0,1
0,0,1,13866,372,0.0,1
1,1,0,3285,466,1.0,1
0,1,1,7742,475,1.0,1
0,0,0,9645,499,0.0,1
1,0,0,7856,474,1.0,0
0,1,0,8810,433,1.0,0
1,1,1,8345,102,1.0,1
1,1,0,4960,342,1.0,1
0,0,1,3336,207,1.0,0
0,1,0,11089,150,1.0,1
1,1,1,10767,469,1.0,1
0,1,0,7243,449,1.0,0
0,0,1,7778,273,1.0,0
0,1,0,14198,215,1.0,1
1,0,1,11700,282,1.0,1
1,0,0,2993,460,1.0,1
0,0,0,10827,454,1.0,1
0,1,0,3048,253,1.0,1
0,1,1,10476,346,1.0,1
0,1,0,6663,175,0.0,1
0,0,0,11112,514,1.0,0
1,1,0,7204,343,1.0,1
0,0,1,7904,180,1.0,1
1,1,0,14530,328,0.0,0
0,1,0,8188,171,1.0,1
1,1,1,12127,502,1.0,1
0,1,0,13173,317,1.0,0
1,0,1,5151,551,0.0,0
0,0,0,3563,498,1.0,1
1,0,1,3520,342,1.0,1
1,0,1,6257,466,0.0,1
1,1,1,7423,413,0.0,1
1,0,0,11841,177,0.0,0
1,0,0,8853,257,1.0,1
1,0,1,10642,147,1.0,1
0,1,0,9716,411,1.0,1
1,0,0,9709,397,0.0,1
0,0,1,13517,123,1.0,0
0,1,1,2069,209,0.0,1
0,1,1,6612,151,0.0,1
0,0,1,2855,526,0.0,0
0,0,0,9556,389,1.0,1
1,1,0,11284,543,1.0,0
1,0,0,2330,566,1.0,0
1,1,0,6631,358,1.0,0
0,0,0,12774,423,1.0,1
1,0,0,6902,238,0.0,1
1,0,1,10563,496,1.0,1
1,0,0,2334,405,1.0,1
1,0,0,13004,437,0.0,0
1,1,0,6452,374,1.0,1
0,1,1,12808,143,1.0,1
1,0,1,2469,516,1.0,1
0,0,0,2092,521,1.0,1
0,0,1,1754,358,1.0,1
0,1,1,11806,212,1.0,0
0,1,0,12657,326,1.0,1
0,1,0,4161,164,1.0,1
1,1,0,10294,262,1.0,0
1,1,1,10757,263,1.0,1
1,1,1,3339,265,1.0,0
0,1,0,7405,138,1.0,0
1,1,1,3931,252,0.0,0
1,0,1,9256,419,1.0,1
0,1,1,6853,459,0.0,1
0,1,0,2465,368,1.0,1
0,1,0,3237,423,1.0,0
0,1,0,1984,425,1.0,1
1,0,0,9441,174,0.0,1
0,1,0,13826,356,0.0,1
0,0,1,9702,299,1.0,1
1,0,1,14411,537,0.0,0
1,0,1,14196,197,1.0,1
0,1,1,7751,203,1.0,0
1,1,1,3527,471,1.0,1
0,1,1,6713,492,1.0,1
0,0,0,9490,263,1.0,1
1,0,0,7727,212,1.0,1
1,0,1,13056,202,0.0,0
0,0,0,12779,589,1.0,1
0,1,1,12730,136,0.0,1
0,1,1,8481,205,1.0,1
1,1,0,10296,286,1.0,1
0,0,0,2468,463,1.0,1
0,0,1,13952,120,1.0,1
0,1,0,1936,247,0.0,1
0,1,1,12466,585,1.0,1
0,0,1,3309,228,1.0,0
1,1,1,8046,582,1.0,1
0,1,1,9607,286,0.0,1
0,0,1,7005,383,1.0,1
0,0,0,6757,298,0.0,0
0,0,1,6409,334,1.0,1
1,1,0,12461,539,1.0,1
1,0,1,11521,207,1.0,1
1,1,0,9984,108,1.0,1
0,1,1,13643,548,1.0,1
0,0,0,1961,519,1.0,0
1,1,1,13576,325,1.0,1
1,0,1,4733,517,1.0,0
1,0,0,11783,308,1.0,0
0,1,0,13628,344,0.0,1
0,1,0,6702,387,1.0,0
1,0,0,4439,165,1.0,1
1,0,0,14498,455,1.0,1
1,0,0,1588,252,1.0,1
0,0,1,3163,590,1.0,1
0,0,1,4801,534,0.0,1
0,0,1,6637,290,1.0,1
1,1,0,12412,317,1.0,1
1,1,0,12629,528,1.0,1
0,1,0,7529,253,1.0,1
1,1,1,1921,376,1.0,1
0,0,0,5249,181,0.0,0
1,1,1,6471,320,1.0,1
1,1,0,8345,534,0.0,0
1,0,0,5933,379,1.0,0
1,1,0,1765,210,1.0,1
0,0,1,4350,191,1.0,0
1,0,0,2878,111,1.0,1
0,0,1,8003,238,1.0,1
0,0,0,8657,254,1.0,1
0,0,0,11506,122,1.0,1
1,1,0,11956,516,1.0,0
0,1,0,5916,563,1.0,0
0,1,1,2349,319,0.0,1
0,0,0,6314,447,1.0,1
1,1,1,13428,336,0.0,1
1,1,0,10683,352,1.0,1
0,1,0,5264,521,1.0,1
1,1,0,8879,282,0.0,1
0,0,1,11500,297,1.0,0
0,1,0,4774,269,1.0,0
1,0,1,2216,222,0.0,0
0,0,1,6580,512,1.0,1
1,1,0,2395,133,0.0,1
1,0,1,10868,480,1.0,1
0,0,0,13445,412,1.0,1
1,0,1,11468,102,0.0,1
1,0,1,12496,105,1.0,1
0,0,1,13084,403,1.0,0
0,0,1,11151,201,1.0,0
1,0,0,4043,291,1.0,1
1,1,1,9271,475,1.0,0
0,1,0,14960,112,0.0,0
1,0,1,6137,135,0.0,1
1,0,0,14422,562,1.0,1
1,1,0,9566,169,0.0,1
1,1,1,5053,388,1.0,1
1,1,1,2849,204,1.0,1
1,1,0,4486,303,0.0,1
1,0,1,8696,412,1.0,0
0,0,1,13022,154,1.0,0
0,1,1,14485,206,1.0,1
0,1,1,3622,240,0.0,1
0,1,1,13320,324,1.0,1
0,1,1,10189,406,1.0,1
1,0,1,13179,447,1.0,1
1,1,1,9546,408,0.0,0
1,1,1,10413,135,0.0,1
1,1,0,2863,232,1.0,1
0,0,1,1807,474,1.0,1
1,0,1,4251,124,0.0,0
1,0,1,10575,436,1.0,0
0,1,1,9282,136,1.0,1
1,1,1,2764,118,1.0,1
1,1,0,14040,134,1.0,1
0,0,0,14723,462,0.0,0
1,0,1,6839,517,0.0,1
1,1,0,12136,409,1.0,0
1,1,1,12725,529,1.0,1
1,0,1,9003,105,0.0,0
1,1,0,7348,566,1.0,1
0,1,0,10744,484,1.0,0
0,1,0,1993,298,1.0,1
0,0,0,14746,133,1.0,1
0,1,0,3521,155,0.0,0
0,1,1,3247,355,1.0,1
0,1,1,14965,310,1.0,0
1,1,1,6587,196,1.0,1
0,0,0,4802,381,1.0,0
0,0,1,8627,588,1.0,1
1,0,0,6522,340,1.0,1
1,1,1,11971,269,0.0,0
0,0,0,7655,446,0.0,1
1,1,0,14997,393,1.0,0
0,0,1,10623,509,1.0,0
1,1,1,7909,326,0.0,1
0,0,1,11617,414,1.0,1
1,0,1,6754,226,1.0,0
1,0,0,10448,567,1.0,0
0,1,1,10746,379,1.0,1
0,1,0,13622,466,1.0,1
0,1,1,14243,120,1.0,1
0,0,1,5854,415,1.0,1
0,1,1,14218,345,1.0,1
1,1,1,4953,189,1.0,1
0,1,1,4016,503,1.0,0
0,1,0,11656,105,0.0,1
1,1,1,7569,550,1.0,1
1,1,0,8874,365,1.0,1
0,0,1,10338,495,1.0,0
1,0,0,14234,196,1.0,1
1,1,1,12522,249,0.0,1
0,0,1,6708,545,1.0,1
1,0,1,1694,544,1.0,1
1,1,0,10837,179,1.0,1
0,1,0,12201,116,1.0,0
0,0,1,14927,237,1.0,1
1,1,1,5791,239,0.0,0
1,0,1,11775,438,1.0,1
0,0,0,7710,139,1.0,1
1,0,1,14432,506,0.0,1
1,1,0,13044,267,1.0,0
1,0,1,6630,173,1.0,1
0,1,0,1821,173,0.0,0
1,1,0,11979,149,1.0,1
1,1,0,14804,109,0.0,0
0,1,1,12823,202,1.0,0
1,1,0,14437,449,0.0,1
1,0,1,8205,487,0.0,0
0,1,0,3202,484,1.0,1
0,1,1,11904,398,0.0,1
0,1,0,2330,438,1.0,1
0,1,0,9880,488,1.0,1
1,1,1,7106,577,1.0,1
1,0,1,13744,573,1.0,1
0,1,0,1591,203,0.0,1
0,1,0,5377,389,0.0,1
1,0,1,11603,549,0.0,1
0,1,0,3836,379,0.0,1
1,0,0,9176,241,1.0,0
0,0,1,3080,396,0.0,0
1,0,1,11100,269,1.0,0
0,0,1,9866,112,0.0,1
0,1,0,7292,256,0.0,1
1,1,0,9246,548,1.0,1
0,0,0,1973,273,1.0,1
1,0,1,13124,261,0.0,0
1,1,0,1769,546,1.0,0
1,0,1,11736,231,1.0,1
1,0,1,8050,127,0.0,1
1,0,0,12887,182,1.0,0
0,1,1,2193,484,0.0,0
0,0,0,14163,519,0.0,1
1,1,1,2915,462,1.0,1
0,1,1,3583,368,0.0,1
1,1,1,2735,350,1.0,1
0,0,0,5467,469,0.0,0
0,0,1,11663,205,1.0,1
0,1,0,9825,360,0.0,1
0,1,1,12604,452,1.0,1
1,1,1,14711,113,1.0,1
1,0,1,6285,179,0.0,1
0,0,0,7625,475,1.0,1
0,1,0,8134,259,0.0,1
1,1,0,7468,277,0.0,0
0,0,0,2340,254,1.0,1
1,1,0,6583,134,0.0,1
1,0,1,2961,358,1.0,1
1,0,1,6434,359,1.0,1
0,1,0,4972,234,1.0,1
1,1,0,8663,560,1.0,1
0,0,0,8075,588,1.0,1
1,0,0,6343,230,1.0,1
0,0,1,12567,180,1.0,1
0,0,0,9239,466,1.0,0
0,0,0,4009,158,0.0,1
1,1,0,10657,173,1.0,1
1,0,0,7522,338,1.0,0
0,0,1,3538,228,1.0,0
0,0,1,13932,511,1.0,1
0,1,0,3350,414,0.0,1
1,1,1,8932,473,0.0,1
1,0,1,10426,536,1.0,1
1,0,0,3953,237,1.0,0
1,1,0,4516,554,0.0,1
0,1,1,12694,202,0.0,1
0,1,1,8125,486,1.0,1
1,1,1,8904,490,0.0,1
1,0,1,12007,108,1.0,1
0,1,1,5503,331,1.0,0
1,0,0,3813,198,1.0,0
1,0,1,6123,317,0.0,1
1,1,1,4663,552,0.0,1
1,1,1,13011,496,1.0,1
1,1,1,8686,336,1.0,1
1,1,1,8515,321,1.0,1
0,0,1,13153,267,1.0,1
1,0,1,9282,469,1.0,1
1,0,1,6714,161,1.0,1
0,1,0,10121,417,1.0,1
0,0,0,8438,586,1.0,0
0,1,1,4488,109,1.0,0
1,0,0,13488,333,1.0,1
0,1,0,6656,186,1.0,1
1,0,0,7012,366,1.0,0
1,0,0,11288,303,1.0,0
1,1,0,13054,417,1.0,1
0,0,0,3850,432,1.0,1
0,0,1,11471,459,0.0,1
0,1,1,5488,340,1.0,0
0,1,0,12140,155,1.0,0
0,1,1,4370,209,1.0,1
1,1,0,7987,148,1.0,0
1,1,1,4410,342,1.0,1
1,0,1,6113,115,1.0,1
1,1,1,13952,172,0.0,1
0,0,0,11764,471,1.0,1
0,0,1,13499,301,1.0,0
1,1,1,14934,192,1.0,0
0,0,0,13916,236,0.0,0
0,0,0,4364,132,1.0,1
1,1,1,13310,187,0.0,0
1,0,0,2517,518,1.0,1
0,1,1,6190,302,0.0,1
0,1,1,11024,138,1.0,1
1,1,0,12175,213,1.0,1
1,0,0,9873,432,1.0,0
1,0,1,8259,346,1.0,1
0,0,0,14531,442,0.0,1
1,0,1,11530,508,1.0,0
1,1,0,3951,469,1.0,1
0,0,0,3452,307,0.0,1
0,1,0,6200,411,1.0,1
0,0,0,9954,531,1.0,1
0,0,0,7713,568,1.0,1
0,0,1,2160,493,0.0,0
1,0,1,2815,396,0.0,0
1,0,1,8881,459,0.0,1
0,1,0,4419,310,0.0,1
0,0,1,14609,454,0.0,0
0,0,1,11886,158,1.0,1
0,0,0,3572,255,1.0,0
0,0,0,6942,221,0.0,0
1,1,0,3519,219,1.0,0
1,0,1,12432,396,1.0,0
1,1,1,8125,421,0.0,0
1,0,0,2315,534,0.0,1
0,1,1,6277,161,1.0,1
1,1,1,13110,257,1.0,0
0,1,0,14981,139,1.0,1
0,1,1,13789,341,1.0,1
0,1,0,13409,139,1.0,0
1,0,1,6234,552,1.0,1
0,1,0,5129,457,1.0,1
1,0,1,4253,289,1.0,1
1,1,1,8005,333,0.0,1
0,1,0,13059,114,1.0,0
0,0,0,6185,223,1.0,0
0,1,0,1701,327,1.0,0
1,1,0,2504,486,1.0,1
0,1,1,2812,379,0.0,1
1,1,0,3525,524,1.0,1
0,0,0,4633,546,0.0,1
0,1,0,13265,147,0.0,0
1,1,0,5721,288,1.0,1
1,0,0,7692,403,1.0,1
1,0,1,5171,146,0.0,1
1,1,0,6441,283,1.0,1
1,1,0,11488,204,1.0,0
1,0,0,13966,468,1.0,1
0,1,1,3104,559,1.0,1
0,0,1,3402,346,1.0,1
1,1,1,13691,363,0.0,1
0,0,0,6088,305,1.0,1
1,0,0,13196,117,0.0,0
0,0,1,9660,463,1.0,0
0,1,1,12311,350,1.0,1
1,1,0,3849,337,1.0,1
1,1,0,6559,439,0.0,0
1,1,0,9428,506,1.0,0
0,0,1,14980,552,1.0,1
1,0,0,8620,420,1.0,1
0,0,0,5864,464,0.0,1
1,1,1,6219,401,1.0,1
0,1,1,7743,165,1.0,0
0,1,1,9581,435,1.0,1
1,0,0,12364,552,1.0,1
0,1,1,10510,249,1.0,1
0,1,1,4177,292,1.0,0
1,0,0,2047,495,1.0,1
0,0,0,14124,246,1.0,0
1,1,1,10050,505,1.0,1
1,0,0,4861,282,1.0,1
1,1,1,3424,205,1.0,1
1,0,0,14603,335,1.0,1
0,0,0,14147,225,1.0,1
0,0,1,14134,545,0.0,1
0,1,1,6743,278,1.0,1
1,1,1,6147,531,1.0,1
0,1,0,8181,500,1.0,0
0,0,1,4201,112,1.0,1
1,0,0,11622,330,1.0,1
1,0,0,1921,127,1.0,1
0,0,1,1835,478,1.0,1
1,1,0,11218,422,1.0,0
1,1,0,1556,360,1.0,1
1,1,1,5450,199,1.0,1
1,0,0,8555,287,1.0,1
0,0,0,4647,498,1.0,1
1,1,1,5037,436,1.0,1
1,0,1,7928,399,1.0,1
1,1,0,2221,218,1.0,1
1,0,0,13769,145,1.0,0
1,0,0,1885,512,1.0,1
1,1,0,14737,167,0.0,0
1,1,1,4317,483,0.0,1
1,0,0,8926,579,1.0,1
0,1,0,12579,404,1.0,0
1,1,0,8615,270,1.0,1
0,0,0,12411,457,1.0,1
1,0,1,1759,295,0.0,1
1,0,0,5988,432,1.0,1
1,1,1,10291,119,1.0,1
1,0,1,9036,210,1.0,1
0,0,1,4755,245,1.0,0
1,0,1,10731,291,1.0,0
1,0,1,5548,532,1.0,1
0,0,0,10447,470,1.0,1
0,1,1,13269,525,1.0,0
1,0,1,4657,328,1.0,1
0,0,1,12450,111,0.0,1
0,1,0,1976,316,1.0,1
0,0,1,6783,577,1.0,1
1,0,0,11291,178,1.0,0
1,1,1,3859,474,1.0,0
1,0,1,8905,135,1.0,0
0,1,0,9524,363,1.0,0
1,0,0,2761,127,1.0,1
0,1,0,7823,471,0.0,1
1,1,1,7437,185,0.0,1
1,0,0,3082,287,1.0,1
0,1,0,12530,404,1.0,1
1,1,0,14517,353,1.0,1
0,0,0,13262,521,1.0,0
0,0,0,2998,179,0.0,1
1,1,1,10440,285,1.0,1
0,0,0,14503,104,1.0,1
1,1,1,12078,145,0.0,0
1,1,0,10222,453,1.0,1
0,0,0,14479,596,1.0,0
1,0,1,3709,201,1.0,0
0,1,1,5563,558,1.0,1
1,0,1,13560,101,1.0,0
1,0,1,8728,316,1.0,1
1,1,0,10800,124,1.0,1
1,1,1,7166,356,1.0,1
1,1,0,10181,322,0.0,0
0,1,0,9696,552,0.0,1
0,1,0,9767,523,1.0,1
0,1,1,6872,423,1.0,1
0,0,1,7650,598,0.0,1
0,1,1,12420,168,1.0,1
0,0,0,1972,296,1.0,0
1,0,1,12901,371,1.0,1
1,1,1,11073,281,1.0,1
0,0,0,2337,546,1.0,1
0,1,1,10294,117,1.0,0
1,0,0,2686,206,1.0,1
1,1,1,7961,116,1.0,1
1,1,1,2981,224,1.0,0
0,1,1,12964,582,1.0,1
0,1,1,9199,181,1.0,1
0,0,1,8832,103,0.0,0
1,0,0,1731,214,1.0,1
1,0,1,1827,450,0.0,1
0,0,1,7881,450,1.0,1
0,0,1,6739,236,1.0,1
1,1,1,2449,386,1.0,1
1,1,1,11578,488,1.0,1
1,1,1,8538,327,1.0,1
1,1,1,9548,115,1.0,1
0,1,0,13787,397,0.0,1
1,0,0,3797,524,0.0,1
1,1,1,2807,563,1.0,1
1,1,0,9889,311,1.0,1
0,0,1,14203,345,1.0,0
0,0,0,4279,385,1.0,1
1,1,1,14725,381,1.0,0
1,1,1,8818,276,1.0,1
1,0,0,4836,130,1.0,1
0,1,1,6835,149,1.0,0
0,1,0,11030,242,1.0,1
0,1,1,11383,151,0.0,1
1,0,1,9907,332,1.0,1
0,1,1,9002,265,1.0,1
1,1,1,9026,137,1.0,0
1,0,0,3149,590,1.0,1
1,0,1,14972,543,0.0,1
0,0,0,4362,119,1.0,1
1,1,0,10301,198,0.0,1
0,0,1,12250,314,1.0,0
0,1,1,2417,143,0.0,1
1,0,0,13944,210,1.0,1
1,1,0,9853,586,0.0,0
0,0,1,5637,188,1.0,1
1,1,0,8847,418,1.0,0
0,1,0,6949,217,1.0,1
1,0,0,7182,533,0.0,1
0,0,1,4311,505,0.0,1
0,1,0,4921,338,1.0,1
0,0,0,5715,171,1.0,1
0,1,0,10790,409,1.0,0
1,0,0,4221,492,1.0,1
1,0,1,12400,498,0.0,1
0,1,1,9814,403,1.0,1
0,0,0,12392,503,1.0,1
1,0,0,4753,262,1.0,0
1,1,0,12753,350,0.0,1
1,1,1,13653,456,1.0,1
1,0,1,2288,294,1.0,1
1,1,0,1756,159,0.0,1
1,0,0,5525,197,1.0,1
0,0,1,7456,517,0.0,0
1,1,0,8241,455,1.0,1
1,1,0,5154,454,1.0,1
0,1,1,9160,172,0.0,1
1,1,1,4751,321,0.0,1
1,1,1,6768,218,1.0,1
1,1,1,13281,281,1.0,0
1,0,1,14959,483,1.0,0
1,0,0,14467,317,1.0,1
0,1,1,8676,355,1.0,1
1,0,1,14989,495,0.0,0
0,0,1,9062,187,0.0,0
0,0,1,10299,460,1.0,0
1,0,1,5926,374,1.0,1
0,1,1,5427,591,1.0,1
1,0,0,6826,435,1.0,1
0,0,1,3652,125,1.0,1
0,1,0,10238,506,0.0,1
1,1,0,9388,220,1.0,0
1,1,1,14580,388,1.0,1
1,1,1,11596,461,1.0,1
1,0,0,6974,540,1.0,1
1,1,0,11374,129,0.0,1
0,0,0,1988,506,1.0,1
0,0,1,3322,301,0.0,1
0,1,0,9260,481,1.0,1
0,1,1,7122,135,1.0,1
0,1,1,4621,224,0.0,1
0,1,0,5274,322,1.0,1
0,1,1,7946,334,1.0,1
1,1,1,12764,223,1.0,0
1,0,0,4952,569,1.0,1
0,0,0,10341,270,1.0,1
0,0,1,10339,590,1.0,0
1,0,0,6981,585,1.0,1
1,1,1,10072,594,1.0,1
1,1,0,9333,549,1.0,0
1,0,0,11758,280,1.0,0
0,0,0,8617,314,1.0,1
1,0,0,11555,217,1.0,0
0,1,1,11982,326,1.0,1
0,1,0,13916,478,1.0,0
0,1,1,10891,543,1.0,1
1,0,1,14196,136,1.0,1
1,0,0,6387,416,1.0,1
0,1,0,4490,195,1.0,0
0,1,0,10799,219,1.0,0
0,0,0,4947,590,0.0,0
1,0,0,1721,536,1.0,1
0,1,1,9118,111,1.0,1
1,0,0,11131,221,1.0,1
0,1,1,8088,134,1.0,1
0,1,1,2117,588,1.0,1
0,0,1,4070,350,1.0,0
1,0,1,7809,166,1.0,0
1,0,0,4255,581,1.0,1
0,1,0,4290,137,1.0,0
1,0,1,9326,379,1.0,0
0,0,1,13634,329,1.0,1
1,1,0,4809,436,1.0,1
1,1,1,8652,267,1.0,1
1,0,0,5554,548,1.0,0
0,1,1,8556,540,1.0,1
1,1,0,14824,427,1.0,1
1,1,1,8924,345,1.0,1
0,0,1,9181,178,1.0,0
0,0,1,8008,213,1.0,1
0,1,0,1724,400,0.0,1
0,1,0,8639,316,1.0,0
1,1,0,11933,299,0.0,1
1,0,1,13844,480,0.0,1
1,1,1,9636,599,1.0,1
1,1,1,13388,451,1.0,1
1,0,1,4850,341,0.0,0
0,1,1,5327,112,1.0,1
1,0,1,2903,465,1.0,0
1,0,0,5712,306,1.0,1
1,0,0,1909,361,1.0,1
0,1,0,3416,196,1.0,1
0,1,1,13130,170,1.0,1
1,0,0,5567,580,1.0,0
0,1,1,4359,402,0.0,1
0,0,1,8572,448,1.0,1
0,1,0,11675,329,1.0,0
0,0,1,3551,456,1.0,1
0,0,1,5201,399,1.0,0
0,1,1,9714,131,1.0,1
0,1,1,4468,349,1.0,0
1,1,1,10436,353,1.0,0
1,1,0,2101,358,0.0,1
0,0,0,12727,281,1.0,1
1,0,1,9434,439,1.0,0
1,1,1,14757,561,1.0,1
0,1,0,6774,575,1.0,1
1,0,0,3342,265,1.0,0
0,1,0,12366,103,1.0,1
0,1,1,13868,562,1.0,1
0,1,0,4162,244,0.0,1
1,1,0,10174,264,1.0,1
1,0,1,5536,443,1.0,0
1,0,1,4139,585,1.0,1
1,1,0,7026,461,1.0,0
0,0,1,13003,204,1.0,1
0,1,0,13820,135,0.0,0
1,1,0,6868,413,1.0,1
0,1,1,8643,268,1.0,1
0,0,1,14067,107,1.0,1
1,0,0,7603,550,0.0,1
0,0,1,5325,513,1.0,1
1,0,1,11891,185,0.0,0
0,0,1,11374,535,1.0,1
1,1,1,7170,196,1.0,1
0,1,1,6296,508,1.0,1
0,0,1,5108,535,1.0,1
1,0,1,8378,414,1.0,0
1,0,0,2518,129,1.0,1
1,1,1,6849,200,1.0,0
1,0,0,6260,166,1.0,1
0,1,1,12662,487,1.0,0
0,1,0,2811,448,1.0,1
1,0,1,11110,540,1.0,0
0,1,0,4000,162,1.0,1
1,1,1,4167,131,1.0,1
1,0,0,14844,186,1.0,1
0,1,1,7534,310,1.0,0
0,0,1,11078,562,1.0,1
1,1,0,6730,150,1.0,1
1,0,0,10836,162,1.0,1
1,0,1,11755,179,1.0,1
0,1,0,6334,442,1.0,1
0,0,0,3046,331,0.0,1
0,1,1,3645,465,1.0,1
0,1,0,3663,200,1.0,0
1,0,1,4512,228,1.0,1
1,1,0,5944,118,1.0,1
1,0,1,14019,456,0.0,1
1,1,0,12874,518,1.0,0
1,1,1,4923,546,0.0,1
1,0,1,13693,193,1.0,0
0,1,0,8679,180,0.0,1
0,1,0,5059,202,1.0,1
1,1,1,11248,468,1.0,1
1,1,1,4186,253,1.0,1
0,1,0,3832,368,1.0,1
0,1,0,7566,217,0.0,1
0,1,0,3156,441,1.0,0
0,1,0,8279,593,0.0,0
1,0,0,7538,378,0.0,1
1,1,0,10236,591,1.0,1
1,1,1,10083,462,1.0,1
1,0,0,6789,324,1.0,1
1,0,0,7720,574,0.0,1
0,0,0,11680,518,1.0,1
1,1,0,13777,367,1.0,1
0,0,1,1796,236,0.0,1
1,0,1,7973,325,1.0,1
1,1,1,2586,433,0.0,0
1,1,1,14057,328,1.0,1
1,0,0,7859,422,0.0,0
1,0,1,12953,207,1.0,1
0,1,0,6694,399,1.0,1
0,1,0,7305,544,1.0,0
0,1,1,14297,504,0.0,1
1,1,1,8222,106,1.0,1
1,1,0,10808,227,1.0,1
0,0,1,10768,452,1.0,1
1,1,1,1995,582,0.0,0
1,1,0,4495,366,1.0,1
0,1,0,1593,272,1.0,1
1,1,0,14412,515,0.0,0
0,1,0,5824,313,0.0,1
1,0,0,7893,346,1.0,0
0,1,1,7010,205,1.0,1
1,0,0,2220,182,1.0,1
1,1,0,6575,391,0.0,1
0,0,0,7825,473,0.0,0
1,0,1,14054,520,0.0,1
1,1,0,6599,302,1.0,0
0,1,0,14068,140,1.0,1
1,1,1,5526,304,1.0,1
0,1,0,13747,447,1.0,0
1,1,0,6557,148,1.0,1
1,0,0,8310,242,0.0,1
1,1,1,2606,240,1.0,0
1,1,1,6805,152,0.0,1
0,0,0,13624,206,0.0,1
1,1,0,13414,132,0.0,1
0,0,0,9234,299,1.0,1
1,1,1,8174,218,1.0,1
1,0,1,11063,387,1.0,0
1,1,1,10114,328,1.0,1
1,0,1,3505,217,1.0,1
0,0,1,14241,275,1.0,1
0,1,1,14294,551,1.0,1
0,1,0,6761,284,0.0,1
0,1,1,14103,417,0.0,0
1,0,0,2263,598,1.0,1
0,0,1,13060,437,0.0,1
0,0,0,10589,314,1.0,0
1,1,1,10644,320,1.0,1
1,1,0,12614,229,1.0,1
1,0,0,7191,432,1.0,1
1,1,0,8559,371,1.0,1
0,0,1,5979,345,1.0,1
0,1,1,12889,222,1.0,1
1,1,1,5698,107,0.0,1
1,0,0,10591,502,0.0,1
1,1,0,5523,515,0.0,1
0,1,0,5705,166,1.0,1
0,1,1,5141,214,1.0,0
1,1,1,5043,468,1.0,0
1,1,0,7091,387,1.0,1
0,0,1,13333,204,0.0,1
1,1,1,14457,568,1.0,0
1,0,1,8743,124,0.0,1
0,1,1,12782,152,1.0,0
1,1,0,14171,346,1.0,1
0,0,1,7616,436,1.0,1
1,0,1,7833,380,1.0,0
1,1,0,2261,132,1.0,0
0,1,0,3907,386,1.0,1
0,0,1,2385,135,1.0,0
1,0,1,7722,442,1.0,1
0,0,1,4143,478,1.0,0
1,0,1,12935,338,1.0,1
1,1,0,10927,591,1.0,1
0,1,0,12625,316,1.0,1
1,1,0,6610,276,0.0,1
1,1,1,2968,143,1.0,1
0,1,1,7792,403,1.0,1
0,0,0,9701,257,1.0,1
1,0,1,7161,368,0.0,1
0,0,0,10483,270,1.0,1
0,1,0,7563,594,1.0,1
0,0,0,14866,320,1.0,1
0,1,0,8515,499,1.0,1
1,1,0,11354,329,1.0,1
1,1,0,7823,190,1.0,0
1,0,0,10435,509,1.0,1
0,1,1,3928,558,0.0,1
0,1,0,13185,530,1.0,1
0,0,0,14238,520,1.0,1
0,1,1,10808,230,1.0,1
0,0,0,12133,509,0.0,0
0,1,1,8608,325,1.0,0
0,0,0,2854,324,1.0,1
1,1,1,7327,242,1.0,0
1,1,1,3980,165,0.0,1
0,0,1,12693,127,1.0,1
0,1,0,2686,224,1.0,1
0,0,1,8409,311,1.0,1
1,1,0,5587,521,0.0,0
1,0,0,14695,527,0.0,1
0,1,0,7728,536,1.0,1
0,1,0,4331,179,1.0,1
1,1,0,5161,337,1.0,0
1,0,0,3248,231,1.0,1
1,0,0,12555,427,1.0,1
1,0,1,9434,399,1.0,1
0,0,0,10806,218,1.0,0
1,0,0,9052,145,1.0,1
1,1,1,4764,183,0.0,1
0,1,0,6872,381,1.0,1
1,1,1,7274,451,1.0,0
1,1,1,6863,112,1.0,1
1,1,0,9391,224,0.0,1
0,0,0,8350,424,0.0,1
1,1,1,12782,271,1.0,0
0,0,0,2563,333,1.0,1
0,1,1,8159,280,0.0,1
1,0,1,14844,150,1.0,1
1,0,0,5248,368,1.0,1
1,0,1,6045,268,0.0,0
1,1,0,4232,494,0.0,1
0,1,0,3372,520,1.0,1
1,1,1,6220,415,1.0,1
1,1,1,3469,387,1.0,0
1,0,0,10576,528,1.0,1
0,0,0,13655,589,0.0,1
1,0,0,13370,373,1.0,0
1,0,1,1818,448,0.0,1
0,1,0,13508,306,1.0,1
0,0,1,5217,247,1.0,1
1,1,1,12887,399,1.0,0
1,0,1,6991,519,1.0,1
1,0,0,2874,552,1.0,1
1,0,1,6942,587,1.0,1
1,1,0,10179,136,1.0,1
0,1,1,1950,260,0.0,0
0,0,0,10044,565,1.0,0
1,0,0,14927,482,1.0,0
1,0,1,8680,374,1.0,0
0,1,0,3440,534,1.0,0
1,1,1,3867,387,1.0,1
1,1,1,12928,205,1.0,1
1,0,1,9387,121,1.0,0
1,1,1,1747,332,1.0,1
1,0,1,5003,221,1.0,1
0,1,1,10259,228,1.0,1
1,0,1,10375,409,1.0,1
1,0,0,10335,316,1.0,0
1,1,1,1978,247,1.0,0
0,0,1,4260,157,1.0,1
0,0,0,14155,518,1.0,1
0,0,0,9468,336,0.0,1
0,1,1,7440,169,0.0,1
1,0,1,5952,553,1.0,0
0,1,1,2868,288,1.0,1
1,1,0,3726,341,1.0,1
1,0,1,13188,162,0.0,0
0,1,0,5112,584,1.0,0
0,0,1,7062,340,1.0,1
0,1,1,13699,544,0.0,0
0,0,0,11534,284,0.0,0
0,1,1,13069,358,1.0,0
1,0,1,12106,328,1.0,1
0,0,1,2559,322,1.0,1
0,0,0,3144,198,1.0,0
0,0,1,14615,346,1.0,1
1,1,1,6765,144,0.0,0
0,1,0,3311,498,1.0,0
1,0,0,3693,372,1.0,1
0,1,1,12119,498,1.0,1
0,0,1,1667,104,1.0,1
1,0,0,8942,569,1.0,1
0,1,1,5682,529,1.0,1
1,1,1,9845,110,0.0,1
1,0,0,4044,547,1.0,0
1,1,1,5368,447,1.0,0
0,0,1,10006,497,0.0,1
0,1,0,7450,138,0.0,0
0,1,1,10414,550,1.0,1
1,1,1,13323,538,1.0,1
0,1,1,13037,599,0.0,0
1,1,0,12503,141,1.0,1
0,0,1,3809,302,1.0,0
1,1,0,8130,193,0.0,1
1,1,0,12193,585,1.0,1
1,0,1,13025,104,1.0,0
0,0,0,8186,151,1.0,1
1,0,1,14916,249,1.0,0
1,1,1,3523,304,1.0,1
1,1,1,1849,399,1.0,0
1,0,0,10515,598,1.0,1
1,0,1,10129,470,1.0,1
1,0,1,9860,568,1.0,0
0,0,1,13511,286,1.0,1
0,1,0,9453,584,0.0,0
1,1,0,13106,252,1.0,0
0,1,1,4801,482,1.0,1
0,1,1,5618,215,1.0,0
1,1,1,12727,248,1.0,1
1,0,1,8319,319,1.0,1
1,1,0,14068,291,0.0,1
0,0,0,13282,332,0.0,0
1,0,0,4269,423,1.0,1
0,0,0,11992,320,1.0,0
1,1,0,5999,146,0.0,1
0,0,0,3680,226,1.0,1
1,1,0,4845,390,0.0,1
1,0,1,4165,314,1.0,1
0,1,1,9923,106,1.0,1
0,0,1,12284,283,0.0,0
0,1,1,13866,215,1.0,1
0,0,1,10750,151,1.0,1
0,0,1,4042,465,1.0,1
0,0,0,10825,145,0.0,0
1,0,1,6940,492,1.0,0
0,1,0,13338,541,0.0,1
1,1,1,9648,122,1.0,0
1,1,0,12067,230,0.0,1
0,0,0,8610,226,1.0,1
1,0,1,5380,544,1.0,1
0,0,1,4237,364,0.0,0
0,0,1,3931,408,1.0,1
1,0,1,2887,295,0.0,0
1,0,1,12995,532,1.0,1
0,1,0,11129,572,1.0,1
0,1,1,4865,553,1.0,1
1,1,0,14334,147,1.0,1
1,1,0,11421,478,0.0,0
1,1,0,3939,181,0.0,1
1,1,1,12865,208,1.0,1
0,1,1,13599,362,1.0,1
0,1,1,2816,454,1.0,1
0,0,1,6704,130,0.0,1
0,0,1,6504,457,0.0,1
1,0,1,2184,155,1.0,0
1,0,0,12280,579,0.0,1
0,0,1,7940,454,1.0,0
0,0,0,13235,288,1.0,0
0,0,0,4587,575,1.0,1
0,1,1,11367,591,1.0,1
0,1,1,3613,104,1.0,0
0,0,1,2457,385,1.0,1
0,1,1,7278,377,0.0,1
0,1,1,9579,244,1.0,1
0,1,1,13235,493,1.0,1
1,1,0,7528,554,1.0,1
0,1,0,7200,295,1.0,1
1,0,0,4594,525,1.0,0
1,1,0,14489,126,1.0,0
0,0,0,4307,226,1.0,1
0,0,0,9082,234,1.0,1
1,0,1,10512,122,0.0,0
1,1,1,2387,430,1.0,1
0,0,1,13420,216,0.0,0
1,0,0,7515,491,1.0,0
0,0,0,6924,107,0.0,1
0,0,0,5493,200,1.0,1
0,1,1,4584,360,0.0,1
1,0,1,2375,298,1.0,1
1,0,1,13953,185,1.0,0
0,0,0,6769,327,0.0,1
1,0,0,9008,485,0.0,1
1,1,0,5496,571,0.0,0
1,0,1,2056,278,1.0,1
1,0,0,6793,549,1.0,1
1,0,1,11906,339,1.0,1
1,0,1,10400,111,1.0,0
1,0,1,2217,402,0.0,1
0,0,1,5165,333,1.0,1
1,1,1,11836,282,0.0,1
1,0,1,8047,381,1.0,1
1,1,1,6696,457,0.0,1
1,1,0,3519,475,1.0,1
1,0,1,13471,528,1.0,1
1,1,0,9982,289,1.0,1
1,0,1,3683,425,0.0,1
1,1,1,5379,314,0.0,1
0,0,1,4436,357,1.0,0
1,1,0,12106,125,1.0,0
1,1,1,8191,369,1.0,0
1,0,1,8545,181,1.0,1
1,1,0,11987,457,0.0,0
0,1,0,4313,284,1.0,1
0,1,0,2737,387,1.0,0
0,1,0,11809,161,1.0,0
0,1,1,6341,470,1.0,1
0,0,1,4543,561,0.0,1
0,1,0,7972,129,1.0,1
0,1,1,4587,496,1.0,1
0,0,0,5058,523,0.0,1
0,0,0,6793,130,1.0,1
0,0,0,10390,392,1.0,1
0,1,1,4353,272,1.0,1
0,1,0,13500,201,1.0,0
0,1,1,14311,227,1.0,1
0,1,1,3345,185,1.0,1
0,0,1,7862,414,1.0,1
0,0,0,14811,127,1.0,0
1,1,1,13706,221,1.0,1
0,1,0,8156,350,1.0,1
1,1,1,9066,160,1.0,0
0,1,1,4682,502,1.0,1
0,0,1,1963,270,1.0,0
1,0,0,5360,542,0.0,1
0,1,0,7260,371,1.0,1
1,0,0,8760,424,1.0,1
1,1,0,1950,399,1.0,1
1,1,1,3415,212,1.0,1
0,0,1,10615,293,0.0,0
0,1,0,5122,493,0.0,0
0,0,0,8576,530,1.0,0
1,1,0,1815,118,1.0,1
1,0,0,6266,439,1.0,1
0,1,1,6293,192,0.0,0
0,0,0,14780,316,1.0,0
0,1,0,2876,564,1.0,0
0,1,1,4315,278,1.0,0
0,0,0,2762,598,1.0,0
1,1,1,10819,496,0.0,1
1,0,0,14694,290,0.0,1
1,0,1,4425,592,1.0,1
0,1,0,10744,499,0.0,0
1,1,0,13876,536,0.0,1
1,1,0,12114,262,0.0,0
1,1,0,4968,199,0.0,0
1,0,0,14151,286,1.0,0
1,1,1,5521,394,1.0,1
0,1,0,5909,166,0.0,1
1,1,1,2047,172,1.0,1
0,0,1,6391,331,1.0,0
0,1,1,5023,288,1.0,0
0,0,1,8542,149,1.0,0
0,1,0,11221,408,1.0,0
0,0,0,7105,401,0.0,1
1,1,0,1606,407,1.0,1
1,1,0,10548,223,1.0,1
0,0,1,4484,256,1.0,0
0,1,1,14078,360,1.0,1
0,1,1,6968,294,1.0,1
1,1,0,14404,429,1.0,0
0,0,0,7352,450,1.0,0
1,1,0,2750,430,0.0,0
0,0,0,8239,355,1.0,1
1,0,1,14764,564,1.0,1
0,0,0,7632,523,1.0,1
1,1,0,3111,588,1.0,0
0,0,1,9428,299,1.0,1
1,0,1,3290,471,1.0,0
1,1,0,8717,485,1.0,1
1,0,0,2367,167,1.0,1
1,0,1,4269,545,0.0,0
1,1,0,13945,179,1.0,1
1,1,1,1827,332,1.0,1
1,0,1,5316,285,1.0,1
0,1,0,4648,204,0.0,1
0,1,1,8276,568,0.0,1
0,1,0,13073,424,1.0,1
0,0,0,12066,541,1.0,0
0,0,0,4055,518,1.0,1
1,1,0,14657,241,1.0,1
1,0,1,10822,498,1.0,1
1,1,0,5836,489,1.0,1
1,1,0,3982,371,1.0,1
1,1,1,4599,442,0.0,1
0,1,0,12443,223,1.0,1
0,1,0,13012,322,0.0,1
0,0,0,11248,589,1.0,1
0,0,0,13235,273,0.0,0
1,0,1,7286,290,0.0,1
1,0,1,8232,239,1.0,1
1,1,0,9485,396,1.0,1
0,1,1,14200,218,0.0,1
1,0,1,7554,374,0.0,1
0,0,1,2068,175,0.0,0
1,1,1,3154,208,1.0,1
1,1,0,12928,218,1.0,1
0,1,1,8632,560,1.0,0
1,0,0,12811,468,1.0,1
1,1,0,5233,357,0.0,1
0,1,1,4729,119,0.0,1
1,0,0,8311,218,1.0,1
0,0,1,9842,450,1.0,1
1,0,0,11964,236,1.0,1
1,1,0,14043,376,1.0,0
1,1,1,11800,354,0.0,1
1,0,0,3295,363,1.0,1
1,1,1,8039,266,1.0,0
1,1,0,14973,264,1.0,0
1,1,0,12119,128,1.0,1
1,0,1,13206,566,1.0,1
0,0,1,10040,134,1.0,1
0,1,1,11770,336,1.0,0
1,1,0,7714,393,1.0,0
1,1,1,10088,189,1.0,1
0,1,1,7645,302,1.0,1
1,0,1,12668,327,0.0,0
1,0,1,4109,518,0.0,1
0,1,0,10850,167,0.0,0
1,1,0,9837,230,1.0,0
1,0,0,3726,464,1.0,0
0,1,0,9955,210,1.0,1
1,0,0,13991,111,1.0,0
1,1,0,7430,387,0.0,1
0,0,1,8342,274,1.0,1
1,1,0,12793,418,1.0,1
0,1,1,11798,253,1.0,1
1,0,1,4580,142,1.0,1
1,0,1,2487,462,0.0,0
0,1,1,11039,304,0.0,0
0,1,0,2860,271,0.0,0
1,0,0,8550,393,1.0,1
0,0,0,9046,384,1.0,1
0,1,1,12530,410,1.0,0
1,1,0,3226,151,1.0,0
1,0,0,11981,214,1.0,0
1,0,0,2407,118,0.0,1
0,0,0,10875,134,1.0,0
0,0,0,4324,147,1.0,0
0,0,0,10950,332,1.0,1
0,1,1,9525,318,1.0,1
1,1,1,9890,209,0.0,0
0,0,0,10748,353,1.0,1
1,1,1,3955,287,0.0,1
0,1,1,6708,130,1.0,1
1,0,0,9274,358,0.0,1
1,1,1,4865,262,1.0,1
1,1,0,10952,443,1.0,1
0,1,1,13670,407,1.0,1
1,0,0,6779,170,1.0,0
1,0,1,7451,406,1.0,1
0,1,1,12527,155,1.0,1
1,1,1,11005,198,1.0,1
0,1,1,11594,120,0.0,0
0,1,0,8197,484,1.0,1
1,1,1,13667,207,0.0,1
1,1,0,10269,152,1.0,1
0,0,0,8176,105,1.0,0
1,1,1,14122,330,1.0,1
0,1,1,2520,581,0.0,1
0,0,0,13345,181,1.0,0
0,1,1,5344,545,1.0,1
1,1,0,5073,316,1.0,1
0,1,1,11985,434,1.0,1
1,1,0,6942,146,0.0,1
1,0,1,9414,451,1.0,1
1,1,1,7558,461,1.0,1
1,0,0,9451,340,1.0,0
0,1,0,10302,277,1.0,1
1,1,0,10020,181,1.0,1
0,0,1,2046,386,1.0,0
0,1,1,10030,291,0.0,0
1,0,1,4681,512,1.0,1
0,0,1,12733,242,1.0,1
0,0,0,10498,413,1.0,1
1,1,0,10725,378,0.0,0
0,1,1,12965,521,1.0,1
0,1,1,5487,140,1.0,1
0,1,1,4833,558,1.0,0
0,0,0,4240,370,1.0,1
1,1,0,14217,186,1.0,1
0,1,1,6401,102,0.0,1
0,0,0,11388,310,0.0,0
0,0,1,13342,100,1.0,0
0,1,1,7208,571,0.0,1
1,0,0,3582,596,1.0,1
0,0,0,11690,174,1.0,0
1,0,0,6152,577,1.0,0
0,0,0,11377,597,1.0,1
1,0,1,6086,494,1.0,1
1,1,0,11295,543,1.0,0
1,1,0,14041,330,0.0,1
1,1,0,13804,548,1.0,1
1,1,0,1760,175,1.0,1
0,1,1,5296,359,1.0,0
0,1,1,12467,124,1.0,1
0,1,0,7482,299,1.0,1
1,0,0,2000,562,0.0,0
0,1,1,2515,526,1.0,1
1,1,1,12025,193,1.0,1
1,1,0,9605,523,0.0,1
0,0,1,11746,451,1.0,1
0,1,1,9164,207,1.0,1
1,1,1,5463,454,1.0,1
1,0,1,6818,568,1.0,1
0,1,0,13366,194,1.0,1
0,1,1,13747,455,0.0,0
0,0,1,4206,190,1.0,0
0,1,0,7635,143,1.0,1
1,0,0,7281,555,1.0,0
0,1,0,3599,542,1.0,0
0,1,1,7886,483,1.0,1
0,1,0,6838,122,0.0,0
1,0,1,4065,289,1.0,1
1,0,0,12709,122,0.0,0
1,0,1,9800,333,1.0,0
1,1,0,13114,285,1.0,0
0,1,0,6516,410,1.0,1
1,0,1,9757,516,1.0,1
0,0,0,4581,432,1.0,1
0,1,0,5797,162,1.0,1
0,1,0,7413,202,0.0,1
0,1,0,4448,599,0.0,1
1,1,0,9905,415,1.0,0
1,0,1,7711,582,0.0,0
1,1,1,14114,288,1.0,0
0,1,0,14861,435,1.0,1
0,1,0,2540,559,0.0,1
0,1,1,14310,288,1.0,1
0,1,1,9488,450,1.0,1
0,1,0,8973,168,1.0,1
1,1,1,9059,213,1.0,1
0,0,0,2487,203,1.0,0
1,0,0,4695,207,1.0,0
0,0,0,6599,444,0.0,0
0,1,0,2003,120,1.0,1
1,0,1,6844,486,1.0,1
1,1,1,10447,531,1.0,0
0,1,1,11033,365,1.0,1
0,1,0,9648,442,1.0,1
0,1,1,7510,308,1.0,1
0,0,0,12280,269,1.0,0
1,1,0,2881,582,1.0,1
0,1,1,7102,572,0.0,1
1,0,0,8512,293,1.0,0
0,0,0,12679,446,0.0,1
1,0,0,12536,529,1.0,0
1,1,1,12211,492,1.0,1
0,0,0,5226,222,1.0,0
1,1,1,3387,276,1.0,1
0,1,0,11015,103,0.0,1
1,0,1,5309,287,1.0,0
0,0,0,13439,445,1.0,1
1,0,1,3631,451,1.0,1
0,1,1,3924,128,1.0,1
0,1,0,13076,185,1.0,1
1,1,0,6939,146,1.0,0
1,1,0,11943,176,0.0,1
1,1,0,6974,442,0.0,1
1,1,1,10700,290,1.0,1
0,0,0,2817,130,0.0,1
1,1,1,8147,406,1.0,1
0,0,0,4716,268,1.0,0
1,0,1,14326,135,1.0,1
0,0,1,1516,344,1.0,0
0,0,1,6170,523,1.0,0
0,0,0,11494,450,1.0,1
0,1,0,4123,287,1.0,0
1,1,1,14850,114,1.0,0
1,1,1,1629,433,1.0,0
0,1,1,2973,582,1.0,1
1,0,1,10641,315,0.0,1
1,0,1,13688,257,0.0,0
0,0,0,10760,513,0.0,0
1,1,1,5811,254,1.0,1
1,1,0,11315,340,1.0,0
1,1,0,4395,395,1.0,0
0,1,0,4236,561,0.0,1
1,0,1,6598,144,1.0,1
0,0,1,12004,594,1.0,1
1,1,1,3446,558,1.0,0
1,1,1,7059,274,1.0,1
1,0,0,10308,591,1.0,1
0,0,0,11561,445,0.0,0
0,0,0,1800,155,1.0,1
1,0,1,10676,153,0.0,1
0,1,1,14982,440,1.0,1
1,0,1,13383,364,1.0,1
0,0,1,6001,473,1.0,1
0,0,1,13118,338,1.0,1
1,0,1,9852,420,1.0,0
1,1,0,7414,207,1.0,1
1,1,0,7171,297,1.0,1
1,1,1,9717,484,1.0,0
0,1,0,1582,313,1.0,1
0,1,0,9864,598,1.0,1
0,1,0,2498,345,1.0,1
1,0,0,7304,496,1.0,1
1,0,1,8437,137,0.0,0
0,0,0,4641,596,0.0,0
1,0,1,4382,272,1.0,0
0,1,1,13793,204,1.0,0
0,0,0,12535,139,1.0,1
0,1,1,8862,578,1.0,1
0,0,0,14312,498,0.0,1
0,0,1,11802,533,1.0,1
1,0,1,4584,229,0.0,1
1,1,0,3545,280,0.0,1
1,0,0,10452,578,1.0,1
0,1,1,1704,509,1.0,1
0,1,0,14684,293,1.0,1
0,0,1,6784,430,1.0,1
0,1,0,12794,388,0.0,1
1,1,1,11727,565,0.0,1
1,0,1,3052,440,1.0,1
0,0,1,9316,158,0.0,1
0,0,1,14664,450,1.0,1
0,0,1,2324,125,1.0,1
1,0,0,12648,577,0.0,1
1,0,1,5248,202,1.0,0
1,1,0,12137,120,0.0,1
0,0,0,7078,532,0.0,0
0,0,1,7412,179,1.0,1
1,1,1,8890,426,0.0,1
0,0,0,6697,569,0.0,0
1,1,1,13588,298,1.0,1
0,0,1,10530,421,1.0,1
1,0,0,6195,136,1.0,1
0,1,0,8268,113,1.0,0
1,0,0,5183,555,1.0,1
1,1,0,3461,320,1.0,1
1,0,0,2437,463,0.0,0
1,0,0,12623,490,0.0,1
1,1,1,9095,265,1.0,1
1,0,0,1924,272,1.0,1
0,0,0,13002,249,0.0,1
0,1,1,4551,271,1.0,1
0,0,1,4405,180,0.0,1
1,1,1,11829,435,0.0,1
1,0,1,13738,324,1.0,1
0,1,1,12902,458,1.0,1
1,0,1,14784,134,1.0,0
1,1,0,4194,457,1.0,1
1,1,1,5095,287,1.0,1
1,0,1,2767,323,1.0,1
1,0,1,13268,230,1.0,1
0,1,1,1921,473,1.0,0
0,0,0,14993,550,0.0,1
0,1,1,4766,555,1.0,1
0,0,1,8517,593,1.0,1
0,0,0,11349,450,0.0,1
1,1,0,3600,410,1.0,0
1,1,0,8629,108,1.0,1
1,0,1,14801,168,1.0,1
1,0,0,9595,127,1.0,1
0,0,0,13631,498,1.0,1
0,0,0,10376,468,1.0,1
0,0,1,3726,574,1.0,0
1,1,1,5888,333,1.0,1
0,0,0,3922,130,1.0,0
1,0,1,8726,414,1.0,1
0,1,1,10769,331,1.0,1
0,1,1,13677,437,1.0,1
1,1,1,13532,585,1.0,0
1,0,1,13008,596,1.0,1
0,1,0,8816,153,0.0,1
0,1,0,4343,551,1.0,1
1,1,0,13131,568,0.0,0
0,1,0,5611,274,1.0,0
0,0,1,13963,397,1.0,1
1,0,0,7159,378,1.0,0
0,0,0,3403,464,0.0,1
1,1,1,5724,185,0.0,1
0,1,1,12986,164,0.0,1
1,1,1,6479,188,0.0,1
0,1,1,6863,153,1.0,0
1,1,0,1925,217,1.0,1
0,1,1,3901,460,1.0,1
1,0,1,10441,575,1.0,0
0,0,1,14531,328,1.0,1
0,1,1,14814,366,1.0,1
0,0,1,14266,418,0.0,1
0,1,1,14763,121,1.0,1
0,1,0,8748,537,1.0,1
0,0,0,1543,346,1.0,0
0,1,0,7798,572,0.0,1
0,0,1,6542,472,1.0,0
0,1,1,3059,568,1.0,1
1,1,0,7535,519,1.0,1
1,0,0,8571,413,0.0,1
0,1,0,5694,119,1.0,1
1,1,0,13160,499,1.0,0
0,1,1,5451,575,1.0,1
0,0,0,13958,283,1.0,1
1,1,1,1647,448,1.0,1
0,1,1,3670,149,1.0,0
0,1,1,9803,189,1.0,0
1,0,0,6618,203,1.0,1
1,0,0,8655,293,1.0,1
0,0,0,8797,482,0.0,1
1,0,1,5663,468,1.0,0
1,0,1,9526,173,1.0,0
0,1,0,10519,368,1.0,1
1,0,1,11444,114,1.0,0
1,0,0,9567,428,1.0,1
0,1,1,4439,382,1.0,0
1,0,1,7227,491,0.0,0
1,1,1,13420,297,1.0,0
0,0,1,9564,583,0.0,1
0,1,1,5116,533,1.0,1
0,1,1,6905,443,0.0,0
1,0,1,8785,294,1.0,1
0,0,0,13415,509,1.0,1
0,1,1,11969,135,1.0,0
1,1,1,9851,504,1.0,1
0,1,0,13057,304,1.0,1
0,1,0,7380,407,0.0,1
0,1,0,11925,238,0.0,1
0,1,0,2513,363,1.0,1
1,1,1,14664,156,1.0,1
0,0,1,10243,209,0.0,1
0,1,0,8891,273,1.0,1
1,0,1,2675,595,1.0,1
0,0,0,10855,305,1.0,0
1,1,1,6747,324,0.0,1
1,1,1,9018,485,0.0,0
1,0,1,7790,163,1.0,1
0,1,1,2808,351,1.0,0
1,1,1,11184,535,1.0,1
1,0,0,10933,548,1.0,1
1,0,1,14223,366,1.0,1
0,0,1,6327,489,1.0,0
0,1,1,6764,451,1.0,0
0,1,1,3277,562,1.0,0
0,0,1,1559,431,1.0,1
0,1,0,11325,419,0.0,1
0,0,1,8486,456,1.0,1
0,1,0,12143,192,1.0,1
1,0,1,9360,282,0.0,1
1,1,1,14925,399,1.0,1
1,0,0,10027,313,1.0,1
1,1,1,10522,593,1.0,0
0,1,1,3092,241,1.0,1
1,0,0,5880,182,0.0,1
1,1,1,7597,488,1.0,1
1,1,0,7958,198,1.0,0
1,0,0,10651,380,0.0,0
0,1,0,7217,533,1.0,1
0,1,1,5666,201,0.0,1
0,1,1,7988,428,1.0,1
1,0,0,9657,477,1.0,1
0,0,1,10813,170,1.0,1
1,0,0,6919,472,1.0,1
0,0,1,11915,437,1.0,1
0,0,0,13508,485,1.0,0
0,1,1,14671,471,1.0,1
0,1,0,10790,365,1.0,1
0,0,1,9834,591,1.0,1
1,1,0,12670,229,1.0,0
0,1,1,2546,159,1.0,1
1,1,0,10760,400,1.0,1
1,1,1,9136,491,1.0,0
1,0,1,5687,541,0.0,1
1,0,0,4840,218,1.0,1
1,1,1,7677,362,1.0,1
0,1,1,6273,582,1.0,0
0,0,1,4935,570,1.0,1
0,1,1,13471,427,0.0,1
0,1,0,8800,120,1.0,1
1,1,1,8402,196,1.0,1
0,0,1,14169,402,1.0,1
0,0,0,7299,100,0.0,1
1,1,1,2465,495,1.0,1
1,1,0,8944,302,1.0,1
0,1,1,10871,531,1.0,1
0,1,0,12126,227,1.0,1
1,1,1,8178,449,1.0,1
0,1,0,2000,231,1.0,0
0,0,0,6054,133,1.0,0
0,0,0,1549,186,1.0,1
0,1,1,10661,131,1.0,1
1,0,0,2487,358,1.0,1
1,1,1,14319,575,1.0,0
1,1,0,14791,423,1.0,0
0,0,0,8271,412,1.0,1
0,0,0,2615,469,1.0,0
0,1,1,5432,559,1.0,0
0,1,1,11171,507,1.0,0
0,0,0,5934,132,1.0,0
1,0,0,12816,486,1.0,0
0,1,0,5067,487,0.0,1
0,1,0,3158,385,0.0,1
1,1,0,11568,425,1.0,0
0,0,0,9444,148,1.0,1
1,1,0,11743,385,1.0,1
1,0,0,7300,555,1.0,1
1,1,1,5876,181,0.0,0
1,0,0,14948,243,1.0,1
1,0,1,9517,536,1.0,1
0,0,0,4315,489,1.0,1
1,0,1,2470,379,1.0,0
1,1,1,9320,470,1.0,1
0,0,0,14785,191,1.0,1
0,0,1,7012,323,1.0,1
1,0,1,1707,316,1.0,1
0,1,0,1759,255,1.0,1
0,1,0,6525,376,0.0,0
1,1,0,5858,107,0.0,0
1,1,1,10474,135,1.0,1
0,1,0,2004,223,1.0,1
1,1,1,11265,108,1.0,0
1,0,0,13990,139,1.0,1
0,0,0,3259,568,1.0,1
1,0,1,9014,278,0.0,0
1,1,1,9260,228,0.0,0
1,0,1,5294,546,1.0,0
1,0,0,5090,472,1.0,1
1,1,0,13832,167,1.0,0
0,0,0,8470,557,1.0,1
0,1,1,11093,253,0.0,1
1,0,1,10480,523,1.0,0
0,1,1,7785,102,1.0,1
1,1,1,4829,463,1.0,1
1,1,0,12536,477,1.0,0
1,0,1,13677,364,1.0,0
1,0,1,5512,515,0.0,1
1,1,0,3592,550,1.0,1
0,1,0,4467,103,0.0,0
0,0,1,10761,361,1.0,0
1,0,1,3175,428,1.0,0
0,1,1,12304,381,0.0,1
1,0,1,5896,485,0.0,1
0,0,1,1787,549,0.0,1
1,0,1,2285,469,1.0,1
0,1,0,3816,184,1.0,1
1,1,0,4338,441,1.0,1
1,0,0,8729,486,1.0,1
0,1,0,13329,134,1.0,1
0,0,1,9637,213,1.0,1
1,0,1,9618,158,0.0,1
0,1,1,12320,137,1.0,1
1,1,1,2765,132,0.0,1
0,1,0,4483,476,1.0,1
0,0,1,7401,498,0.0,1
1,0,1,9431,302,1.0,1
0,1,1,12707,301,1.0,0
0,1,1,9643,199,1.0,0
1,1,0,9530,497,0.0,1
0,0,1,9762,549,0.0,0
1,0,0,14622,400,1.0,1
1,0,1,12152,403,1.0,1
1,1,1,2111,527,1.0,0
1,1,1,8728,217,1.0,1
1,0,0,5023,520,1.0,1
0,1,1,7012,342,1.0,0
1,1,1,5202,128,0.0,0
1,1,1,12268,326,1.0,0
0,1,0,6924,439,1.0,0
0,0,0,9882,312,1.0,1
0,1,1,11439,517,0.0,1
1,0,0,11817,286,1.0,1
1,0,1,3128,212,1.0,1
1,1,1,14676,472,1.0,1
0,0,0,9407,398,1.0,0
1,0,1,4872,260,0.0,1
0,1,1,12688,118,1.0,1
1,0,0,9708,363,0.0,1
0,0,0,14602,258,0.0,1
1,0,0,11289,110,1.0,0
1,0,0,10758,107,1.0,1
1,0,1,4639,252,0.0,1
0,0,1,13143,212,0.0,1
0,0,1,3759,247,0.0,1
1,0,1,3750,137,0.0,1
1,1,1,7621,234,1.0,1
1,1,1,12465,472,1.0,1
0,1,1,13896,560,1.0,1
1,0,1,9681,522,1.0,0
1,0,0,1783,334,1.0,1
1,0,1,12680,354,0.0,1
1,1,1,7225,173,1.0,1
0,1,1,14524,427,0.0,1
0,1,1,9418,461,1.0,1
1,0,1,6737,473,1.0,0
1,1,0,14719,590,1.0,1
0,1,0,10294,375,1.0,1
0,0,0,11055,308,1.0,1
1,1,1,13044,366,0.0,0
0,0,1,5575,243,1.0,1
0,1,1,14278,584,1.0,1
1,0,1,7662,141,1.0,1
0,0,0,14986,323,1.0,0
0,0,0,9136,445,1.0,1
1,0,1,7237,151,1.0,1
1,0,1,10492,520,1.0,1
0,1,0,10451,407,1.0,0
1,0,0,9502,236,1.0,1
0,0,0,14953,518,1.0,1
1,0,0,8572,294,1.0,1
0,0,0,2993,194,0.0,0
1,1,0,14492,589,1.0,1
0,0,0,13626,490,1.0,1
0,1,1,10506,357,1.0,1
0,0,1,14590,124,1.0,0
1,0,0,1872,331,1.0,0
1,1,1,7087,431,1.0,1
0,1,0,8571,193,1.0,1
0,1,1,12690,449,0.0,1
1,0,0,4391,320,1.0,0
1,1,1,13483,396,1.0,1
1,0,0,8086,302,1.0,1
1,1,1,9123,598,1.0,1
1,1,1,4819,535,1.0,1
1,0,0,11881,442,0.0,1
0,1,0,12141,180,0.0,1
1,1,0,5467,304,1.0,1
0,0,1,2322,580,0.0,0
1,0,1,1721,548,1.0,0
1,0,1,8380,479,1.0,1
0,1,1,13629,587,1.0,1
0,1,0,11079,176,1.0,0
1,1,0,5388,137,1.0,1
0,1,1,14781,294,0.0,1
0,1,0,14999,563,1.0,1
0,0,0,11852,141,0.0,1
0,1,0,6800,554,1.0,1
1,0,0,4770,281,1.0,1
0,1,1,11617,344,1.0,1
1,0,0,6193,294,1.0,1
1,1,0,12643,177,0.0,1
1,1,0,14272,419,1.0,1
1,0,1,9066,563,1.0,0
0,1,0,5493,487,1.0,0
0,0,1,4098,514,0.0,1
1,1,1,3166,224,1.0,1
1,1,0,12773,240,1.0,0
1,0,0,13577,126,0.0,0
1,1,1,6257,414,1.0,0
0,0,1,11806,420,0.0,1
1,1,1,12444,547,0.0,1
0,1,1,12860,380,1.0,0
1,1,0,3054,392,1.0,1
1,1,1,7615,341,0.0,1
1,1,0,6937,335,0.0,1
1,1,0,7741,302,1.0,1
0,1,1,10772,556,1.0,1
0,0,0,13626,479,1.0,1
0,1,1,1587,426,1.0,0
1,1,1,8615,241,0.0,1
1,1,1,12392,193,0.0,1
0,0,0,4203,251,1.0,1
0,0,0,12651,352,1.0,1
1,1,1,3918,166,1.0,0
1,1,0,12114,275,0.0,1
0,1,0,5647,202,1.0,1
1,0,0,3247,190,1.0,1
1,1,0,9732,292,0.0,1
0,0,0,11830,265,1.0,1
1,1,1,1538,189,1.0,1
0,0,0,12776,425,1.0,1
1,0,0,8543,414,1.0,0
0,1,1,13371,589,1.0,1
1,1,0,3651,367,0.0,1
0,1,0,5437,537,1.0,1
0,1,0,8386,150,1.0,1
0,1,1,11782,265,1.0,1
0,1,0,1708,273,1.0,0
1,1,0,2099,326,1.0,1
1,0,1,10296,365,1.0,1
0,1,1,12215,108,0.0,1
1,1,0,5209,186,0.0,1
1,0,1,11848,193,1.0,1
1,1,1,9226,151,1.0,1
1,1,1,1713,278,1.0,1
1,1,0,7223,377,1.0,0
0,1,0,8052,338,1.0,1
0,0,1,11268,172,0.0,1
0,0,1,12510,438,1.0,1
0,1,1,11816,171,0.0,0
1,1,1,7738,473,1.0,1
1,0,0,9960,167,0.0,1
0,1,1,3908,104,1.0,1
1,0,0,12269,438,1.0,1
1,0,1,9472,337,1.0,0
0,0,0,6278,565,0.0,0
1,1,0,13949,220,1.0,0
0,1,1,14252,512,0.0,1
0,1,0,2322,310,1.0,1
1,0,0,13327,361,1.0,1
1,1,0,7600,424,1.0,1
0,1,1,4095,157,0.0,0
0,0,0,9617,142,1.0,0
1,1,0,5453,296,0.0,1
0,1,1,5331,171,1.0,1
0,1,1,11791,190,1.0,1
0,0,0,6083,136,1.0,0
1,1,0,13294,590,1.0,1
0,0,1,13159,413,1.0,0
1,0,1,7735,336,1.0,1
0,0,0,10342,585,1.0,0
1,1,0,9483,482,0.0,1
0,1,1,8000,392,1.0,0
1,1,1,7351,565,1.0,1
1,0,0,3134,253,0.0,1
1,0,0,6314,269,1.0,1
0,1,1,2667,371,1.0,1
0,0,0,5576,505,1.0,1
0,1,0,9890,209,1.0,1
1,1,0,8458,250,1.0,0
0,1,0,6942,530,1.0,0
1,1,1,11047,550,1.0,0
0,1,1,7860,230,1.0,0
1,1,0,8199,367,1.0,1
1,1,0,5005,122,1.0,1
1,0,0,2302,466,1.0,1
0,1,0,9127,238,1.0,0
0,0,1,10392,589,1.0,1
0,0,0,2002,407,0.0,1
1,1,0,14256,338,1.0,1
1,0,1,7325,533,0.0,1
0,0,1,12105,540,1.0,0
0,0,0,9439,291,1.0,1
0,1,1,7532,226,1.0,0
1,1,1,8906,529,1.0,1
1,1,0,6219,128,1.0,0
1,1,0,9248,220,1.0,0
1,1,1,12659,297,0.0,1
1,0,0,4370,273,0.0,1
0,0,1,14754,243,1.0,0
1,1,1,6258,581,1.0,1
1,0,1,14538,278,1.0,1
1,0,0,7468,456,1.0,1
1,0,0,13159,110,1.0,1
1,0,1,11110,238,1.0,1
0,1,1,2598,546,1.0,0
1,1,0,4669,536,1.0,0
1,1,1,1882,352,1.0,0
1,0,1,9290,444,1.0,0
0,0,0,5440,413,0.0,1
0,1,0,11085,118,0.0,1
0,1,0,8952,259,1.0,1
1,0,0,13019,405,1.0,0
0,1,1,7952,221,1.0,1
1,1,0,11344,171,1.0,1
1,0,0,5771,154,1.0,1
0,0,1,5823,559,1.0,0
1,1,1,12086,268,1.0,0
1,0,1,3538,198,1.0,0
1,1,0,6961,169,1.0,1
0,0,1,9563,248,1.0,1
1,0,0,3485,216,1.0,1
1,1,1,2762,125,0.0,1
0,0,0,7231,347,1.0,1
1,1,1,6616,484,1.0,1
1,0,0,11403,308,0.0,1
0,1,0,1849,326,1.0,0
1,0,1,13718,510,1.0,0
1,0,1,1940,533,1.0,1
1,1,0,4308,213,0.0,0
1,0,1,4062,293,1.0,1
1,1,0,4652,583,1.0,1
0,0,0,11076,420,1.0,1
0,0,0,9979,109,0.0,0
0,1,1,11747,194,1.0,1
0,0,0,10689,220,1.0,0
1,0,0,3833,225,1.0,1
1,1,0,11114,136,1.0,0
1,0,0,1573,168,1.0,1
1,1,1,11154,396,0.0,0
1,1,1,12886,273,1.0,0
0,1,0,9044,560,1.0,0
0,0,1,8449,144,1.0,0
1,0,1,3705,222,1.0,1
1,1,0,10121,481,1.0,1
1,0,1,2971,571,1.0,0
0,1,1,4981,126,1.0,1
1,0,1,9038,292,1.0,0
1,1,1,4680,596,1.0,1
1,1,1,14633,439,1.0,1
0,0,1,3230,235,1.0,1
1,1,0,1535,294,1.0,1
0,1,1,14901,148,1.0,1
0,0,0,2520,195,1.0,1
0,1,0,7034,591,0.0,1
0,1,0,11689,220,1.0,0
0,0,1,8661,348,0.0,1
0,1,1,9509,572,1.0,0
1,1,0,12452,316,1.0,1
1,1,0,4617,213,1.0,0
1,1,0,4035,113,1.0,1
0,1,1,6214,161,1.0,1
1,1,1,13957,142,1.0,1
0,1,1,9837,510,1.0,1
0,1,0,6463,339,0.0,0
0,0,1,14207,195,1.0,0
1,1,1,7591,126,1.0,1
0,1,0,14360,423,0.0,0
0,0,1,2526,482,1.0,1
1,1,0,5165,341,0.0,0
1,1,1,2786,586,1.0,1
0,1,0,4346,558,0.0,1
0,1,1,10012,339,0.0,1
1,1,0,9274,403,0.0,0
1,1,1,13787,166,1.0,1
1,0,0,3793,380,0.0,1
0,0,0,3112,291,1.0,1
1,0,1,1976,218,1.0,1
1,0,1,8926,251,1.0,1
1,0,0,12856,364,1.0,1
0,1,1,11518,491,1.0,0
1,1,0,10474,330,1.0,0
1,1,0,14320,450,0.0,0
1,1,1,3447,348,1.0,1
1,1,1,4831,158,0.0,1
1,0,1,6760,116,0.0,1
0,0,0,7566,270,0.0,1
0,1,0,9147,450,1.0,0
0,1,1,14366,551,1.0,0
1,1,0,6969,231,1.0,1
0,0,0,3093,456,1.0,0
0,0,1,11439,235,1.0,0
0,1,0,11725,141,1.0,0
1,0,0,9204,404,1.0,1
1,1,0,7654,105,1.0,1
0,0,1,1756,428,1.0,1
0,0,1,8012,269,1.0,0
1,1,0,4491,555,1.0,0
1,0,1,2917,387,1.0,1
0,0,0,9260,498,0.0,1
1,1,1,9465,437,1.0,0
0,0,0,14669,314,1.0,1
1,1,0,5614,168,1.0,1
0,0,0,9801,469,0.0,1
0,1,0,4052,126,1.0,1
1,1,1,10749,324,1.0,1
0,0,0,6907,421,1.0,1
0,0,0,14790,333,1.0,0
0,1,1,14042,585,1.0,1
1,0,1,6233,542,1.0,0
1,0,0,3542,511,1.0,1
1,0,0,3681,507,1.0,0
0,1,1,5992,150,1.0,1
1,1,0,5058,248,1.0,1
0,1,0,11313,514,1.0,1
0,0,0,5158,174,0.0,1
1,0,0,4194,405,0.0,1
1,1,0,5384,191,1.0,1
0,1,0,6280,467,1.0,1
0,0,0,4784,523,0.0,1
1,0,0,7452,167,1.0,0
1,0,0,9017,334,1.0,1
1,0,1,7662,461,1.0,1
0,1,1,6606,243,1.0,1
0,0,1,3666,175,1.0,0
0,0,0,13578,185,1.0,0
0,1,0,5897,326,1.0,1
0,1,0,14014,462,0.0,1
1,0,1,9168,546,0.0,0
1,1,1,14143,155,1.0,0
0,0,0,14488,179,1.0,1
0,0,1,4892,123,1.0,1
1,1,1,11962,326,0.0,0
1,1,0,5211,127,1.0,1
1,0,0,7379,220,1.0,0
1,1,1,3086,589,1.0,1
0,0,0,10906,192,1.0,1
1,0,1,8638,440,1.0,1
0,0,1,9162,211,1.0,1
1,1,1,8904,477,1.0,1
1,0,0,14833,444,1.0,0
1,0,1,11337,586,1.0,1
0,0,1,11042,130,1.0,1
0,1,0,12890,242,1.0,1
1,0,0,10056,466,1.0,1
0,0,1,5439,397,1.0,1
0,0,0,14855,326,1.0,0
1,1,0,14306,457,1.0,0
1,0,1,4699,349,1.0,1
0,0,0,11318,149,1.0,1
0,1,1,12893,313,0.0,1
0,1,0,11337,479,1.0,1
1,0,0,8441,488,1.0,1
1,0,1,2481,531,1.0,1
0,0,1,12087,368,1.0,1
1,1,0,11728,387,1.0,1
1,1,0,5052,294,1.0,1
0,0,0,2421,353,1.0,1
0,1,1,13438,178,0.0,1
1,0,0,5158,574,1.0,1
1,0,1,13474,343,0.0,1
0,1,0,5495,190,1.0,1
1,0,0,8564,513,1.0,1
1,1,0,6552,105,1.0,1
0,1,0,14148,380,1.0,1
0,0,0,6906,511,1.0,0
1,1,1,5777,545,0.0,0
1,0,1,2974,249,0.0,0
1,1,1,14350,423,1.0,1
0,0,0,14101,498,1.0,0
1,0,1,8598,381,1.0,0
1,0,1,11760,290,1.0,1
0,1,0,5267,373,1.0,1
0,0,0,12544,172,1.0,1
1,1,1,8219,546,1.0,1
0,1,1,10094,417,1.0,0
0,1,1,10839,599,1.0,1
1,1,1,2112,167,1.0,0
0,1,1,8786,403,1.0,1
0,0,1,11568,533,0.0,0
1,1,1,11305,162,1.0,1
0,0,0,4517,552,1.0,0
1,0,1,6288,592,1.0,1
1,1,0,11426,233,1.0,1
0,0,0,13240,541,1.0,1
0,0,0,8602,406,1.0,1
0,1,1,12611,367,1.0,0
1,0,1,14627,322,1.0,1
0,1,0,11842,530,1.0,1
1,1,1,12072,225,0.0,1
0,1,1,11502,364,1.0,1
0,0,0,4701,106,0.0,1
0,0,1,2252,512,1.0,1
1,0,0,12164,305,1.0,0
0,0,0,9056,278,1.0,0
0,1,0,14724,567,1.0,0
1,1,0,2841,595,1.0,1
1,0,1,10196,282,1.0,1
0,1,0,8514,579,0.0,1
0,0,1,8255,542,1.0,1
0,1,1,4982,539,0.0,1
1,1,1,11661,505,1.0,1
1,1,1,13741,327,1.0,0
1,1,0,13839,335,1.0,0
1,1,0,9228,245,1.0,0
0,0,0,7065,157,1.0,1
1,0,0,9111,395,1.0,1
1,1,0,9430,340,1.0,0
1,0,1,8017,444,1.0,1
0,1,0,13329,386,1.0,1
0,1,1,3922,539,1.0,0
1,1,1,14176,262,1.0,1
1,1,0,10365,125,0.0,0
0,0,1,7485,551,1.0,1
0,1,1,8447,205,1.0,0
0,0,0,10284,339,0.0,1
0,1,0,9135,439,1.0,1
0,1,0,12471,517,1.0,1
0,0,1,5168,431,1.0,1
0,1,0,12244,499,0.0,1
0,1,0,13870,478,1.0,0
1,0,1,7962,141,1.0,0
1,0,0,4638,232,1.0,1
1,0,1,6009,416,1.0,1
1,1,1,4000,143,1.0,1
1,1,0,4293,134,0.0,1
1,0,1,5793,463,1.0,0
0,0,1,11404,446,1.0,1
0,1,0,12037,483,0.0,0
1,1,0,6899,100,1.0,1
1,0,0,1799,325,1.0,1
0,0,1,13916,398,1.0,0
0,0,1,3406,387,0.0,1
0,0,0,3985,335,1.0,1
1,1,0,8959,458,1.0,1
0,1,0,9898,546,0.0,1
1,1,1,7620,132,1.0,1
1,1,0,9985,194,1.0,1
0,0,1,3373,304,1.0,1
0,1,0,7602,208,1.0,1
1,0,1,13450,421,1.0,1
0,1,1,7672,129,1.0,0
0,1,0,7822,365,1.0,1
1,1,1,3588,122,1.0,1
0,0,1,9137,196,0.0,1
1,1,0,6811,138,1.0,1
1,0,0,7987,272,0.0,1
0,0,1,11464,347,0.0,0
1,1,1,12555,478,1.0,1
1,0,1,8380,512,1.0,1
0,1,0,6221,513,1.0,1
0,0,1,14065,261,0.0,1
0,1,1,4926,279,1.0,1
1,0,0,2028,202,1.0,1
1,0,0,11825,308,0.0,0
0,1,0,3424,121,1.0,1
1,1,0,7960,104,0.0,1
0,1,0,7476,238,1.0,0
0,1,1,7521,313,0.0,0
1,0,1,14480,259,1.0,1
0,0,1,11052,507,1.0,0
1,0,0,2362,494,0.0,0
1,0,0,12908,238,1.0,1
0,1,0,12054,244,1.0,1
1,0,1,5820,259,1.0,1
0,1,0,4994,182,0.0,1
1,0,0,11659,254,1.0,1
1,1,0,7552,387,0.0,0
1,1,1,9759,416,1.0,1
0,1,0,3142,380,1.0,0
1,1,0,10712,163,1.0,0
0,1,1,6696,291,0.0,1
1,0,0,8499,255,1.0,0
1,1,0,8822,523,1.0,0
0,0,0,4643,599,1.0,1
0,0,1,2970,190,1.0,0
0,1,0,7178,241,0.0,1
0,0,0,2882,141,1.0,1
0,0,1,6896,348,0.0,1
1,0,1,12622,394,1.0,0
1,1,0,11028,357,1.0,0
0,1,1,8614,436,1.0,1
1,1,0,12858,100,1.0,1
1,1,1,10934,208,1.0,1
1,0,0,3205,515,1.0,1
0,0,0,7497,566,0.0,1
1,0,0,7563,224,1.0,0
1,0,1,9462,163,1.0,0
1,0,1,12891,305,1.0,1
0,0,0,9596,514,1.0,1
1,1,0,4094,541,1.0,0
1,0,0,13629,437,1.0,0
0,0,0,11371,343,1.0,1
0,0,1,2815,177,1.0,1
1,1,1,9639,210,0.0,0
1,0,0,14518,241,1.0,1
0,0,1,10259,315,1.0,0
0,1,1,4204,552,1.0,0
0,0,1,12143,115,1.0,1
0,1,0,11440,552,0.0,0
0,1,0,7225,153,1.0,1
0,0,1,6191,240,1.0,1
0,0,1,10339,479,1.0,1
1,1,0,11885,435,1.0,1
0,0,0,12500,178,1.0,1
0,0,0,1624,514,0.0,1
1,1,1,11229,552,1.0,1
0,1,1,14267,248,1.0,1
0,0,1,6597,226,1.0,0
1,1,0,6307,257,0.0,1
0,0,0,3470,378,1.0,0
1,0,0,4262,137,1.0,1
1,0,0,7017,256,1.0,1
1,0,0,11509,432,1.0,1
1,1,1,2314,387,1.0,1
0,0,1,4601,211,0.0,1
1,1,1,13843,289,1.0,1
1,0,0,3154,205,1.0,1
0,0,1,1631,190,1.0,1
1,1,0,9922,453,0.0,1
1,0,1,1894,400,1.0,0
1,1,1,8819,148,1.0,1
1,1,0,5073,260,1.0,1
0,0,1,10673,103,0.0,1
1,0,1,8606,501,1.0,0
0,0,1,10624,297,1.0,1
0,0,1,7125,419,1.0,1
1,1,1,11101,511,1.0,0
1,0,1,12647,463,0.0,1
1,0,1,6128,476,1.0,0
1,0,0,6560,541,1.0,1
0,0,1,9247,574,1.0,1
0,0,0,7769,353,1.0,0
0,1,1,14342,189,1.0,1
1,0,0,12433,411,1.0,0
0,1,0,8132,119,1.0,1
1,0,1,8255,176,1.0,0
1,0,0,12630,319,1.0,1
1,0,0,8089,261,0.0,1
1,1,1,7089,596,0.0,1
1,0,0,13112,442,1.0,1
0,1,1,4004,493,1.0,1
0,1,0,4533,214,0.0,1
1,0,0,13671,193,1.0,1
0,1,0,13515,505,1.0,1
1,0,0,14172,232,1.0,1
1,0,1,10403,271,1.0,1
1,1,1,4476,213,1.0,0
0,0,1,2971,108,0.0,1
1,0,1,13391,398,1.0,1
1,1,1,12878,359,1.0,1
0,1,0,8095,269,1.0,1
0,1,1,14441,420,0.0,0
0,1,0,2642,197,1.0,1
1,1,1,14904,268,0.0,1
1,1,1,13673,547,1.0,0
0,0,1,4068,410,1.0,1
1,1,1,3108,317,1.0,1
0,1,0,14325,501,0.0,1
0,0,1,7052,499,1.0,1
1,0,0,13514,442,0.0,0
1,1,0,3397,529,1.0,0
0,1,1,3692,519,0.0,0
0,0,0,13764,445,1.0,0
0,1,0,2591,549,1.0,0
0,1,1,2199,143,1.0,0
1,0,0,5592,599,1.0,1
0,1,1,11593,360,1.0,1
0,0,1,3678,384,1.0,1
0,1,0,2232,225,1.0,1
1,0,0,10204,359,1.0,1
1,0,0,4187,594,1.0,0
0,0,0,13788,454,1.0,1
1,1,0,5256,313,0.0,1
1,0,0,7561,404,1.0,1
1,1,0,10123,299,0.0,1
0,0,1,8034,335,1.0,1
0,0,1,6885,440,1.0,1
1,0,1,5994,235,1.0,0
0,1,0,10499,477,1.0,0
0,1,0,2779,535,1.0,1
1,0,0,8038,215,1.0,1
1,1,1,14739,552,1.0,0
0,1,1,3721,504,1.0,1
1,1,1,6664,254,0.0,1
0,0,0,2354,521,1.0,1
0,1,1,4712,488,1.0,1
1,0,1,4086,440,1.0,0
0,0,0,6340,416,0.0,1
0,0,1,4268,491,1.0,1
1,1,1,8728,441,1.0,1
1,0,1,14030,117,1.0,0
1,1,0,4840,487,1.0,1
0,1,1,6759,103,0.0,1
1,0,0,12920,264,1.0,1
1,0,0,8240,226,0.0,0
1,0,1,11311,498,0.0,0
1,1,1,1775,521,1.0,0
0,1,0,8698,510,1.0,1
0,0,0,13795,312,0.0,1
1,0,0,5363,147,1.0,0
0,1,0,2214,145,0.0,0
1,1,0,7554,145,0.0,1
1,0,1,11772,147,0.0,1
0,1,0,2309,286,1.0,1
0,1,1,5226,219,0.0,1
1,1,0,14715,231,1.0,0
1,1,1,5478,558,1.0,1
0,1,0,10553,118,1.0,0
1,1,1,1536,540,0.0,1
0,0,1,9614,374,0.0,1
1,1,0,13503,574,1.0,1
1,0,0,11773,331,1.0,1
0,0,1,10146,141,1.0,0
0,1,1,14231,191,0.0,1
0,0,1,4808,360,1.0,1
0,0,0,13999,147,1.0,1
0,0,0,12903,508,0.0,1
0,1,0,4155,550,1.0,1
0,0,0,2481,381,0.0,1
1,1,1,7947,173,0.0,1
1,0,0,14083,315,0.0,1
1,0,0,1651,545,1.0,1
0,0,0,12986,320,1.0,1
0,0,0,10291,208,1.0,1
0,1,0,11014,234,1.0,0
1,0,1,7148,527,1.0,1
0,0,0,3011,442,0.0,1
0,1,1,3758,337,1.0,1
1,1,0,1731,254,1.0,1
0,1,0,4242,525,1.0,0
1,0,0,9341,428,1.0,0
1,1,0,5962,591,0.0,1
0,1,1,14268,155,1.0,1
0,1,1,9249,486,1.0,1
0,1,0,2071,481,1.0,1
1,1,1,2702,496,1.0,0
1,1,1,11199,297,1.0,1
1,0,0,11304,414,1.0,1
0,1,1,13258,137,1.0,1
0,0,1,13732,440,1.0,0
0,1,0,11262,438,0.0,0
0,1,0,14717,316,1.0,0
1,1,1,10731,330,0.0,1
1,0,0,8109,551,0.0,0
1,1,0,11117,441,1.0,1
1,1,0,13773,552,1.0,1
0,1,1,1670,356,0.0,1
0,1,0,6651,533,0.0,0
0,0,0,7906,308,1.0,1
1,0,1,1688,300,1.0,0
1,0,1,14573,236,1.0,1
0,0,1,6178,227,1.0,0
0,0,1,8645,152,1.0,1
1,1,1,7427,443,1.0,0
0,1,0,2099,493,1.0,1
1,1,1,14633,183,1.0,1
1,0,0,13709,308,0.0,1
1,1,1,13024,432,0.0,1
0,0,0,6801,384,0.0,1
0,1,0,5076,135,1.0,1
1,0,1,12081,314,1.0,1
0,1,1,10645,126,0.0,0
1,1,1,6693,245,1.0,1
1,1,1,11317,117,1.0,1
1,1,1,3370,217,1.0,1
1,0,1,5761,236,0.0,0
0,1,0,3524,166,1.0,0
1,1,0,14021,490,1.0,1
1,1,0,6994,413,1.0,0
0,0,0,10332,562,0.0,1
1,1,0,6953,129,1.0,1
1,1,1,3327,172,1.0,1
0,1,1,6202,222,1.0,0
0,1,0,2039,544,1.0,0
0,1,0,8702,588,1.0,0
1,0,1,12057,574,1.0,1
0,0,1,5938,327,0.0,1
0,0,1,5001,437,0.0,1
1,1,1,13639,578,1.0,1
1,0,0,12718,372,1.0,1
1,1,0,14424,345,1.0,0
1,1,1,5037,536,0.0,1
1,1,1,13866,489,1.0,1
0,1,0,8216,138,1.0,1
0,0,0,12188,508,1.0,0
0,0,0,8318,269,1.0,1
1,0,1,7700,525,1.0,1
1,1,0,5786,414,1.0,1
1,0,1,6239,201,1.0,1
0,0,1,3589,393,0.0,1
0,1,1,7105,514,0.0,1
1,0,0,8840,342,1.0,1
0,1,0,8322,256,1.0,1
1,0,1,4821,459,1.0,0
0,0,0,13273,364,1.0,0
0,0,1,4049,356,1.0,1
0,1,0,2716,563,1.0,0
1,0,1,6385,457,0.0,0
0,0,1,13670,442,1.0,1
0,0,0,8393,222,1.0,1
1,0,0,10433,555,1.0,1
0,1,1,7808,146,1.0,0
1,1,0,13877,431,0.0,1
1,0,1,11406,109,0.0,1
1,0,1,6582,243,1.0,1
1,0,1,8725,530,0.0,1
1,1,1,13736,398,1.0,0
0,0,1,8930,251,0.0,0
1,0,1,10339,586,1.0,1
1,1,1,4297,235,1.0,1
1,1,1,2318,174,1.0,1
1,1,0,9934,460,1.0,1
0,0,0,8306,125,0.0,1
1,1,1,8501,106,1.0,0
0,1,1,9426,178,1.0,1
1,0,1,14006,114,0.0,1
0,1,0,5604,531,1.0,1
1,0,1,14217,486,1.0,1
1,0,1,13569,499,0.0,1
0,1,1,9546,306,0.0,1
1,0,0,1512,188,1.0,1
0,1,0,7394,196,1.0,0
1,1,0,8550,497,0.0,1
0,1,1,4517,315,1.0,1
1,0,1,8892,558,1.0,0
1,1,0,2189,358,1.0,1
0,0,1,7378,428,1.0,1
1,0,0,4638,553,1.0,1
1,0,0,9476,386,1.0,0
1,1,1,13432,474,1.0,1
1,0,1,10368,563,0.0,1
1,0,1,13266,174,1.0,1
1,1,1,7827,341,1.0,1
0,1,0,14792,116,1.0,1
0,0,0,5803,276,0.0,0
0,0,0,11015,358,1.0,1
1,1,0,12557,222,1.0,1
0,0,0,2502,566,0.0,1
1,0,0,8908,571,0.0,1
1,0,1,12194,410,1.0,1
1,0,0,9642,210,1.0,1
1,1,1,3265,355,1.0,0
0,0,1,11245,333,1.0,0
1,1,0,7278,555,0.0,1
0,0,0,3791,596,1.0,1
1,1,1,9230,455,1.0,1
0,0,1,11677,139,1.0,0
0,1,0,6366,221,1.0,0
0,0,0,9929,549,1.0,1
0,1,1,13009,314,0.0,1
0,0,0,12084,395,1.0,0
0,0,0,13247,385,1.0,1
1,1,0,7953,380,1.0,0
0,1,0,3084,106,1.0,0
1,1,0,2807,191,1.0,0
0,1,1,3585,460,0.0,1
1,1,0,11511,533,1.0,1
0,0,0,1531,222,1.0,1
0,1,1,9220,436,1.0,0
1,1,1,1791,195,1.0,1
0,0,0,5186,100,1.0,1
0,1,0,14079,190,1.0,1
0,1,1,3142,527,1.0,1
1,1,0,9266,583,1.0,0
0,0,0,10269,532,1.0,0
1,1,0,14949,106,1.0,0
0,0,1,5409,219,1.0,0
0,0,0,2723,486,1.0,1
1,1,0,13768,449,0.0,1
0,0,1,12344,228,0.0,1
0,1,0,10138,278,0.0,1
1,1,0,13111,197,1.0,1
0,1,0,5873,521,1.0,0
1,1,0,12733,142,1.0,1
1,1,1,4079,282,1.0,0
1,0,1,2922,284,1.0,0
0,0,0,9058,152,1.0,1
1,0,0,14771,327,0.0,1
1,0,0,8245,260,1.0,0
0,1,0,4109,334,0.0,1
1,1,1,4581,563,1.0,0
0,0,1,8234,545,1.0,1
0,1,1,9750,457,0.0,0
0,0,0,12851,494,1.0,0
0,0,0,10150,299,0.0,1
1,0,0,1603,535,1.0,1
1,0,1,6426,100,1.0,1
1,1,1,10480,113,1.0,1
1,1,1,2241,577,1.0,1
1,0,1,13098,312,1.0,1
0,0,1,11264,477,1.0,0
1,0,0,7944,376,1.0,0
1,0,0,12393,133,0.0,0
1,0,0,14342,585,0.0,1
0,1,1,6223,573,1.0,1
0,0,0,13104,460,1.0,0
1,0,0,9159,369,1.0,0
0,1,1,6703,267,0.0,1
1,1,1,4476,477,0.0,1
1,1,1,8926,518,1.0,1
0,1,0,8003,269,1.0,0
0,1,1,11826,181,1.0,0
1,1,0,10119,503,1.0,1
1,1,0,7986,415,1.0,1
0,1,1,7990,236,1.0,1
1,1,0,3444,332,1.0,0
0,0,1,7739,214,1.0,0
1,1,1,8922,351,0.0,0
0,0,0,7473,592,1.0,1
1,0,0,14947,388,1.0,1
1,0,0,10963,148,0.0,0
0,0,1,14671,551,0.0,0
1,0,0,14273,103,1.0,1
1,0,1,7021,478,1.0,1
0,0,1,14391,275,1.0,1
1,0,0,1911,371,1.0,1
1,1,0,7590,530,1.0,1
1,0,0,11623,125,1.0,1
0,0,0,12187,169,1.0,1
0,0,1,1746,392,1.0,0
0,0,0,12509,505,1.0,1
1,1,1,8342,333,1.0,1
1,0,0,8064,330,1.0,1
1,1,0,3671,362,1.0,0
1,1,0,13023,525,1.0,1
0,0,1,12616,385,0.0,0
1,0,0,8778,173,1.0,0
1,1,1,8957,220,1.0,1
1,0,0,7218,562,0.0,0
0,0,0,3560,105,0.0,1
1,1,1,4834,123,1.0,1
1,1,1,14587,293,1.0,0
1,0,0,8690,267,1.0,0
1,0,0,2444,476,1.0,0
1,0,1,11939,599,1.0,0
0,1,0,6861,498,1.0,1
1,0,1,10954,536,0.0,1
1,1,0,6784,440,1.0,0
1,1,1,8381,309,1.0,1
1,0,1,9867,232,1.0,1
1,1,1,10744,444,0.0,1
1,0,1,12416,391,1.0,1
1,0,1,12274,557,1.0,1
1,1,0,11009,598,1.0,1
1,0,0,14264,273,1.0,1
1,1,0,9440,250,1.0,1
0,1,0,13059,187,0.0,1
0,0,0,11366,400,1.0,1
0,0,0,1833,365,1.0,1
0,0,0,10956,409,1.0,1
1,0,0,12869,169,0.0,0
0,1,0,4445,304,1.0,0
0,1,1,14718,440,0.0,1
1,1,1,6280,131,1.0,0
0,0,0,6156,142,1.0,1
0,1,1,13910,217,0.0,1
1,1,0,14846,476,1.0,0
1,0,1,4165,114,1.0,0
1,0,1,8631,421,1.0,1
0,0,1,6435,498,1.0,1
0,1,0,1915,214,1.0,1
1,0,0,2207,436,1.0,1
1,1,0,9288,119,1.0,1
0,1,0,4184,277,1.0,1
1,1,1,8994,361,1.0,1
0,1,0,4866,178,1.0,1
1,1,1,5003,480,1.0,1
1,0,0,5942,500,1.0,1
0,1,1,7680,219,1.0,1
1,0,1,4059,125,1.0,1
1,1,1,14636,121,1.0,0
1,1,1,9637,300,1.0,1
0,0,0,5471,163,1.0,1
1,1,0,14322,559,1.0,1
1,1,1,4457,313,1.0,1
1,0,0,8416,413,1.0,1
1,0,0,3229,570,1.0,1
1,1,1,11593,392,1.0,1
1,1,0,14451,177,1.0,1
0,1,0,10733,315,1.0,1
0,0,0,1526,555,1.0,1
1,1,1,4083,573,1.0,0
0,0,0,10744,323,0.0,1
0,0,1,11366,476,1.0,0
1,1,1,4555,127,1.0,1
0,0,1,8301,579,0.0,1
0,1,0,3158,569,1.0,1
0,1,0,14427,404,0.0,1
0,0,0,5451,300,1.0,1
0,0,1,12880,166,1.0,1
0,0,0,8799,572,1.0,1
0,0,1,8956,458,1.0,1
0,0,0,11433,225,0.0,1
1,0,1,13779,559,0.0,1
1,1,0,5637,448,1.0,0
0,1,0,12923,294,1.0,0
0,1,0,9431,524,0.0,0
1,0,1,3214,273,0.0,1
0,0,1,12888,186,1.0,1
0,0,0,4831,442,0.0,1
1,1,1,4847,410,0.0,0
1,1,1,3486,565,1.0,0
1,0,1,5044,494,1.0,1
0,0,0,8479,583,0.0,0
0,0,0,2201,253,1.0,0
1,0,0,9237,555,1.0,1
1,1,1,11146,575,1.0,0
0,1,0,5286,309,0.0,1
1,1,1,8762,112,1.0,1
0,0,1,3971,263,1.0,1
0,1,0,6514,589,1.0,1
1,0,0,8159,587,1.0,0
1,0,0,5760,354,0.0,0
0,0,1,7045,483,0.0,1
1,1,1,4544,591,1.0,1
1,1,0,5383,163,1.0,1
1,0,1,4440,406,1.0,1
1,1,0,6661,175,1.0,1
0,0,0,3320,121,0.0,1
0,0,0,8384,159,1.0,1
0,0,0,4302,485,1.0,0
0,1,0,13487,155,1.0,1
1,1,0,3963,267,1.0,1
1,0,1,4871,511,1.0,1
0,1,1,8722,304,1.0,1
0,1,0,10027,452,1.0,0
1,1,0,11616,358,1.0,1
0,1,1,6476,290,1.0,1
0,0,1,6567,581,0.0,1
1,1,0,13552,506,1.0,0
0,0,0,9001,154,0.0,1
1,0,1,4288,515,1.0,1
1,1,0,5625,439,1.0,1
0,0,1,5106,383,1.0,0
1,0,0,3040,479,1.0,1
0,1,1,10266,363,1.0,1
1,0,0,1720,358,1.0,1
0,0,0,6422,449,1.0,1
0,1,0,11705,188,0.0,1
0,1,1,12333,536,1.0,1
1,1,0,7113,321,1.0,1
1,1,1,2253,512,1.0,0
0,1,1,8988,594,1.0,0
1,0,1,8706,449,1.0,1
0,0,1,10712,581,0.0,1
0,1,0,11180,188,1.0,0
1,1,0,9438,564,0.0,1
0,0,0,3461,158,1.0,0
1,1,1,7458,251,1.0,0
0,1,0,4983,521,1.0,1
1,0,1,8135,127,1.0,1
0,0,1,10129,324,0.0,1
0,0,1,10170,417,0.0,0
1,1,0,2282,583,1.0,1
0,0,1,6603,150,0.0,1
0,1,0,5667,362,1.0,1
1,0,0,14369,378,1.0,1
0,1,0,1719,145,0.0,1
1,1,1,10719,573,1.0,1
0,1,0,9529,433,1.0,1
1,0,1,8646,205,1.0,1
0,0,1,1789,383,1.0,1
0,0,1,1879,123,1.0,1
0,1,1,13665,106,1.0,1
1,0,0,12543,467,1.0,0
1,0,0,11070,583,1.0,1
1,1,0,8386,586,1.0,1
1,1,0,3458,434,0.0,1
0,0,1,11819,532,1.0,1
0,0,1,9757,102,1.0,0
1,0,1,3683,595,1.0,1
1,1,1,14186,357,1.0,1
1,0,0,5274,362,1.0,1
0,1,0,14134,220,1.0,0
1,1,1,5419,307,1.0,1
1,0,1,7702,120,1.0,1
0,0,1,2277,492,1.0,1
0,1,1,4066,239,1.0,1
1,1,0,11595,576,1.0,1
0,0,1,12453,379,1.0,1
1,0,0,8904,388,1.0,1
0,0,0,13543,305,1.0,1
1,1,1,1578,142,1.0,1
1,1,1,3081,437,1.0,1
1,0,0,9467,217,1.0,1
1,1,0,9339,104,0.0,1
0,1,1,3662,306,1.0,1
0,0,0,10677,222,1.0,0
0,1,1,2985,426,1.0,0
0,0,1,7245,444,1.0,0
1,0,0,4120,241,1.0,1
1,1,0,2464,471,1.0,1
0,1,1,12239,331,1.0,1
0,0,1,10520,263,1.0,0
0,1,0,12865,134,1.0,0
0,0,0,4173,463,1.0,1
0,1,0,6793,533,0.0,1
1,1,0,8759,571,0.0,1
1,1,1,3218,434,0.0,1
1,0,1,12124,110,1.0,0
0,1,1,2728,507,0.0,0
0,0,0,12102,174,0.0,0
0,0,0,5278,399,1.0,1
0,0,1,3340,534,1.0,0
1,1,0,1997,500,1.0,0
1,0,0,2036,480,0.0,0
0,0,0,4805,297,0.0,1
1,1,0,8624,440,1.0,1
1,0,0,10856,363,0.0,1
0,0,0,3471,434,1.0,1
0,1,1,9087,473,1.0,1
0,0,1,5027,599,0.0,1
0,1,1,1799,323,0.0,0
0,0,1,3886,221,1.0,1
0,0,0,14090,173,0.0,0
1,1,1,5463,127,1.0,1
1,0,1,6187,562,1.0,1
0,0,1,5671,495,0.0,1
1,0,1,5359,270,0.0,1
0,1,0,10605,565,1.0,0
0,1,0,14567,475,1.0,1
0,1,1,5195,520,1.0,1
0,1,1,10612,463,0.0,1
1,1,0,11215,482,0.0,0
0,0,0,8742,315,0.0,1
1,1,1,11441,418,1.0,0
0,1,0,7631,200,1.0,1
0,1,0,5117,345,0.0,0
0,0,1,4200,192,1.0,1
1,0,0,2505,162,1.0,1
0,1,1,3201,365,1.0,1
0,0,1,4802,305,1.0,1
0,0,0,10495,179,1.0,0
1,0,0,14839,136,0.0,1
1,0,0,4866,110,1.0,1
1,1,0,12584,214,1.0,1
0,1,0,13190,189,0.0,0
1,0,0,14659,331,1.0,0
0,0,1,4662,118,1.0,0
1,0,0,9806,151,1.0,1
1,0,1,13021,473,1.0,0
0,1,0,14160,373,0.0,1
1,0,0,14637,193,1.0,1
0,1,0,3637,131,1.0,1
0,0,0,6352,250,1.0,0
1,1,0,1530,239,1.0,1
0,0,1,7448,157,1.0,1
0,1,1,3305,560,0.0,1
1,1,1,7913,120,1.0,0
1,1,0,5069,248,1.0,1
0,0,0,11128,320,1.0,0
1,1,0,14477,320,1.0,1
0,0,1,6810,341,1.0,1
0,1,1,13120,318,1.0,0
1,1,0,1956,128,0.0,1
1,0,1,1948,562,1.0,0
1,1,0,1567,146,1.0,1
1,0,0,5589,495,0.0,0
0,0,1,3362,157,0.0,0
0,0,1,3302,524,1.0,1
1,0,1,14661,374,1.0,1
1,1,1,14254,239,1.0,0
0,1,0,13123,122,1.0,1
0,0,0,9054,488,1.0,1
0,1,1,9819,477,1.0,1
0,1,1,7395,509,1.0,1
1,0,1,14520,472,1.0,1
0,1,1,13517,162,1.0,0
0,0,0,10959,151,0.0,1
1,1,0,13702,365,1.0,0
0,1,0,10734,441,1.0,0
0,0,0,7015,266,0.0,1
1,1,0,5238,250,1.0,0
1,1,0,1867,110,1.0,0
1,0,0,7701,575,0.0,1
0,1,1,12296,194,1.0,0
0,0,0,4140,171,1.0,1
1,1,1,6407,483,0.0,0
1,0,1,1558,586,1.0,0
0,0,1,5756,147,0.0,1
1,0,0,9794,447,0.0,1
1,0,0,6441,371,1.0,1
1,0,0,6007,529,1.0,1
0,1,0,2285,530,0.0,1
0,1,1,13970,599,1.0,0
0,0,0,13637,194,1.0,0
0,1,1,3946,332,1.0,0
0,0,0,10648,147,1.0,1
0,1,0,12394,307,1.0,1
1,1,1,10128,552,1.0,1
0,0,1,3865,326,1.0,1
0,0,1,6201,508,1.0,1
1,1,0,8917,176,0.0,1
0,1,0,7066,448,1.0,0
0,0,1,10188,318,1.0,0
1,1,0,11058,459,1.0,1
1,1,1,12557,180,0.0,0
1,0,0,11543,136,1.0,1
0,1,1,10714,201,0.0,1
1,0,1,7883,290,1.0,0
0,0,0,12822,128,1.0,1
0,0,1,12536,413,1.0,1
0,1,0,2989,352,1.0,1
0,1,0,3834,350,1.0,1
1,0,1,9190,325,1.0,1
1,0,1,14124,193,1.0,1
0,1,0,4889,514,1.0,0
1,1,0,1702,185,1.0,1
0,1,1,1730,209,1.0,1
0,0,1,8547,316,1.0,0
0,0,1,13326,295,1.0,0
1,1,0,12820,582,1.0,1
0,1,0,12383,396,0.0,1
0,1,0,13183,533,1.0,1
1,0,1,4462,143,1.0,1
1,0,1,3827,492,1.0,0
1,1,0,14596,542,0.0,0
1,1,0,14253,189,1.0,1
0,0,1,4284,574,1.0,1
1,0,0,14985,254,1.0,1
0,1,1,2303,565,1.0,1
1,1,1,14053,577,1.0,1
1,1,1,7266,208,1.0,0
1,0,0,5223,158,1.0,1
1,1,0,12593,209,1.0,1
1,0,1,7896,578,1.0,1
1,0,1,1675,205,0.0,0
0,1,0,11136,486,0.0,0
1,1,1,13695,320,1.0,0
1,0,0,7191,362,0.0,1
1,1,0,5032,181,1.0,1
1,0,0,5849,371,0.0,1
0,1,1,3043,148,1.0,0
1,1,1,14690,476,1.0,1
1,1,1,11846,131,0.0,0
1,1,1,14982,585,0.0,0
1,0,0,11797,188,1.0,1
0,0,1,6956,527,1.0,1
1,0,0,4913,579,0.0,1
0,1,1,8585,118,1.0,1
1,0,1,13053,102,0.0,1
0,0,1,5679,477,0.0,1
0,0,1,10832,159,0.0,0
1,1,1,6307,518,1.0,0
1,0,0,8886,341,1.0,1
0,1,1,11453,128,1.0,0
0,1,1,3440,174,0.0,1
1,0,1,11498,169,1.0,1
0,1,1,14688,182,1.0,1
0,0,1,12865,456,0.0,0
0,0,0,2156,272,1.0,1
1,0,1,4003,510,0.0,1
0,0,0,2158,296,1.0,1
0,0,1,12530,445,1.0,1
0,1,0,14638,518,1.0,0
1,0,1,13928,246,1.0,1
1,1,1,8538,372,0.0,0
0,0,0,12145,134,1.0,1
1,0,1,9602,594,0.0,0
0,0,0,7525,212,0.0,1
1,1,1,10746,560,1.0,1
1,1,0,7998,305,0.0,0
0,1,0,7848,257,1.0,0
1,1,0,4541,352,0.0,1
1,0,1,13695,221,1.0,1
1,0,0,3838,147,0.0,1
0,1,1,1610,284,1.0,0
1,1,0,6687,590,0.0,0
1,1,0,3218,372,1.0,1
0,0,0,8016,200,1.0,1
1,1,1,13983,114,1.0,1
1,1,1,1625,227,1.0,0
1,0,1,9953,309,1.0,1
1,1,0,4434,211,0.0,1
1,0,1,14711,369,1.0,1
0,0,1,7417,241,0.0,0
0,0,0,11894,272,0.0,1
1,0,0,3104,452,1.0,0
1,0,1,13895,265,1.0,0
1,1,1,9090,546,0.0,0
0,1,1,3582,218,1.0,1
0,0,0,13634,302,1.0,1
1,0,0,10346,110,1.0,1
1,1,0,6593,348,0.0,1
0,1,0,12155,403,1.0,0
1,0,0,8643,347,1.0,0
0,1,1,1784,253,1.0,1
0,1,1,7066,422,1.0,1
1,0,1,12257,124,1.0,1
0,1,0,13493,564,0.0,1
1,1,0,9718,544,1.0,1
1,1,1,3774,441,1.0,1
1,1,1,13559,320,1.0,0
1,0,1,5472,209,1.0,0
1,1,0,11283,509,1.0,1
1,0,0,13073,517,0.0,1
0,1,0,14635,189,0.0,1
0,0,0,10820,364,1.0,1
0,0,0,5613,139,1.0,0
0,1,1,11828,558,0.0,1
1,0,1,8229,362,1.0,1
0,0,0,9848,257,1.0,1
0,0,0,2789,217,1.0,1
0,0,1,11873,549,1.0,1
1,0,0,4011,355,1.0,1
0,1,0,7220,513,1.0,0
1,0,1,11463,295,1.0,1
0,0,0,2655,413,1.0,1
1,1,0,4288,410,0.0,1
1,1,1,6653,113,1.0,1
0,0,0,7726,560,1.0,1
1,1,0,4476,217,1.0,1
1,1,1,6751,316,0.0,1
0,1,1,4999,304,1.0,1
0,1,0,4413,176,0.0,0
0,1,1,1703,520,1.0,0
1,1,1,3322,479,0.0,0
1,0,0,11051,271,1.0,1
1,0,1,14749,489,1.0,1
0,1,0,12236,125,0.0,1
1,1,1,10133,227,1.0,1
1,0,1,8471,473,0.0,0
1,1,0,8925,241,1.0,1
1,0,0,11007,491,1.0,0
1,1,0,13729,123,0.0,1
1,0,1,10840,569,0.0,1
1,0,0,7282,331,0.0,1
0,1,0,14658,522,1.0,0
0,1,1,9426,276,0.0,1
0,1,1,10890,440,1.0,1
1,1,1,7503,334,1.0,1
1,0,0,12608,418,1.0,1
0,1,1,13577,125,0.0,1
1,0,1,5675,365,1.0,1
0,1,0,9286,560,0.0,1
1,0,1,4359,461,1.0,1
1,1,1,4462,216,1.0,1
0,1,0,2867,157,1.0,1
0,0,1,14357,369,1.0,1
0,1,0,6710,428,1.0,1
0,1,0,4409,554,1.0,1
0,1,0,11908,394,1.0,1
1,1,0,4905,221,1.0,1
1,1,0,12751,258,1.0,0
1,0,1,11975,277,1.0,1
0,1,0,5994,243,1.0,0
0,0,0,2320,427,1.0,1
0,1,0,12752,467,1.0,1
0,1,0,12216,406,1.0,1
0,0,1,9202,498,1.0,0
0,0,1,14632,188,0.0,0
1,0,1,12324,338,1.0,1
1,0,0,8755,137,0.0,1
1,0,1,4162,460,0.0,0
1,1,1,8604,178,1.0,1
1,0,0,12517,444,0.0,1
0,0,0,6872,426,1.0,1
0,1,1,5953,445,1.0,1
0,1,1,4629,351,1.0,1
0,0,1,13706,427,1.0,0
0,0,1,6116,565,1.0,0
0,0,0,9586,248,1.0,1
1,1,0,14180,115,1.0,0
0,0,0,3166,466,1.0,1
0,1,0,8889,422,1.0,0
0,1,0,4900,420,1.0,1
0,1,1,13274,368,0.0,0
1,1,0,3700,217,1.0,1
1,0,0,10584,291,1.0,0
0,1,1,13642,416,0.0,0
1,1,0,2483,387,1.0,1
1,0,1,8123,495,0.0,1
0,1,0,10274,450,0.0,1
0,0,0,7551,396,1.0,1
0,1,0,5615,293,1.0,0
0,0,1,4140,588,1.0,1
0,1,0,11665,491,1.0,1
1,1,1,7871,542,0.0,1
0,0,0,4917,380,1.0,1
0,1,0,13806,488,0.0,0
0,1,1,8087,400,1.0,1
1,0,1,12107,485,0.0,1
0,1,0,10580,525,1.0,1
0,1,1,3383,349,1.0,0
0,0,0,6321,521,1.0,1
1,0,0,5322,330,1.0,0
0,0,1,9838,102,1.0,0
0,0,1,3216,273,1.0,1
0,0,1,7123,339,1.0,0
1,1,0,3977,585,1.0,1
0,0,1,14635,505,1.0,0
0,1,0,11155,203,1.0,1
0,0,1,11937,388,1.0,1
1,1,1,11002,343,0.0,1
0,1,1,14352,387,0.0,1
0,0,1,1868,466,0.0,1
0,1,1,10955,372,1.0,0
1,1,0,4349,219,1.0,0
1,0,1,4247,437,1.0,0
0,0,1,9062,539,1.0,1
1,0,0,8639,358,1.0,1
1,0,0,12257,169,1.0,0
1,1,0,11510,532,1.0,0
0,1,0,8204,282,1.0,1
0,1,1,3387,560,1.0,0
1,1,1,13475,346,1.0,1
1,1,0,1559,217,1.0,1
1,1,1,2044,130,1.0,0
0,0,0,4564,564,1.0,0
0,1,0,7946,248,1.0,1
1,1,1,7303,115,1.0,1
1,1,1,2730,372,1.0,1
1,0,0,9042,451,1.0,0
1,0,1,14833,484,1.0,1
0,0,0,2058,467,1.0,0
1,0,0,11204,201,1.0,1
0,1,0,7563,171,0.0,1
1,1,0,10361,292,1.0,1
1,1,1,9949,421,1.0,0
1,0,0,2570,210,1.0,1
1,1,0,2550,392,1.0,1
1,1,0,5538,507,0.0,1
0,1,1,6646,446,1.0,1
1,0,0,5522,439,1.0,1
1,0,0,9836,466,1.0,1
1,0,1,4134,417,0.0,1
0,1,0,12261,376,0.0,1
0,1,0,8788,205,0.0,1
0,1,0,10492,136,1.0,0
0,1,0,2985,390,0.0,1
1,0,1,13440,521,1.0,0
1,1,1,12121,280,1.0,1
1,0,1,4323,242,0.0,0
0,1,0,2172,213,0.0,1
1,0,1,13666,337,1.0,1
1,1,1,13181,525,1.0,1
0,1,0,5922,193,1.0,1
0,0,1,2914,359,1.0,1
0,0,1,13060,206,1.0,1
1,1,1,14417,343,1.0,0
1,1,0,7615,522,1.0,1
0,1,0,5394,434,1.0,1
1,0,1,5346,122,1.0,0
0,1,1,11720,460,1.0,1
0,0,0,10886,370,1.0,1
1,1,0,3524,573,0.0,0
0,1,0,2857,239,1.0,0
0,1,0,8976,565,1.0,1
0,1,1,9548,553,0.0,1
1,0,0,12502,483,1.0,1
0,0,1,2068,181,1.0,1
0,1,0,7990,476,1.0,0
0,1,0,8969,597,1.0,0
0,1,0,3445,537,0.0,1
0,0,0,10038,443,1.0,1
0,1,1,1907,521,1.0,1
0,0,1,5728,255,1.0,0
1,0,1,13445,434,1.0,0
1,0,0,10305,118,1.0,1
0,0,1,8631,168,1.0,1
1,1,0,9797,547,1.0,1
1,1,0,3718,231,0.0,1
0,0,1,9211,355,1.0,1
1,1,0,13491,308,0.0,1
0,1,0,5857,109,1.0,1
0,1,1,13605,239,1.0,0
0,0,0,1993,552,1.0,0
0,1,0,5368,234,1.0,0
0,1,1,5885,354,0.0,1
1,1,1,13026,399,1.0,0
0,1,0,13612,506,1.0,1
1,1,1,11560,357,1.0,1
0,1,0,6933,193,1.0,1
0,1,1,7728,471,0.0,1
0,1,0,2938,340,1.0,1
1,1,1,2852,336,1.0,1
0,1,1,9736,264,1.0,1
0,0,0,6410,424,1.0,0
0,1,1,3880,247,1.0,0
0,0,1,6060,317,1.0,1
1,1,0,1699,527,1.0,1
0,0,1,5924,207,1.0,1
1,0,1,9347,330,0.0,0
0,1,1,11979,169,1.0,1
1,0,0,14585,320,0.0,1
1,0,1,6297,173,0.0,1
0,0,0,12322,278,1.0,1
0,1,0,8300,179,1.0,0
1,0,1,9026,453,1.0,1
0,0,0,7520,258,1.0,0
0,1,0,4268,455,1.0,1
0,0,0,3907,268,1.0,1
1,0,0,6997,413,1.0,0
0,0,1,5291,488,1.0,0
0,1,1,4793,260,1.0,0
0,0,1,4346,526,0.0,1
1,1,0,9342,502,1.0,0
0,0,0,8008,131,1.0,1
1,0,1,4811,220,1.0,0
0,0,0,12243,314,1.0,1
1,0,1,11129,102,1.0,1
0,1,0,1626,484,1.0,1
0,0,1,7106,327,1.0,1
1,1,1,11312,524,1.0,1
1,0,1,9194,575,1.0,1
1,1,0,4819,147,1.0,0
0,0,1,10173,266,1.0,0
0,0,0,6931,488,1.0,1
0,1,0,5878,432,1.0,1
0,1,1,8669,110,1.0,1
1,1,1,3621,337,1.0,0
0,1,0,4635,377,1.0,1
0,0,0,12512,340,1.0,1
0,1,1,7990,570,0.0,0
0,1,1,7640,291,1.0,1
0,1,0,12063,111,1.0,1
0,0,1,1738,152,1.0,0
0,0,1,2920,154,1.0,0
1,0,1,1840,408,1.0,1
0,0,1,13042,120,1.0,1
0,1,0,9020,118,0.0,1
0,0,0,12685,552,1.0,0
0,1,1,6487,443,1.0,1
1,0,1,11178,449,1.0,1
1,1,0,14249,555,0.0,1
1,1,0,5575,421,1.0,1
1,1,0,6912,414,0.0,0
1,1,0,14585,532,0.0,0
1,1,0,10424,581,0.0,0
0,0,1,4978,158,0.0,1
1,1,1,9853,250,0.0,0
1,1,0,9170,358,1.0,1
0,1,0,3995,539,0.0,1
1,1,1,9362,471,1.0,1
0,0,0,9552,157,1.0,0
0,0,0,14797,315,1.0,1
1,1,1,9823,161,0.0,1
0,1,1,3357,245,1.0,1
1,1,1,10934,544,0.0,1
1,1,1,13180,481,1.0,0
0,0,0,10363,338,1.0,1
0,0,1,2004,392,1.0,1
1,1,0,8967,281,1.0,0
0,1,0,3656,468,0.0,1
0,1,0,10953,194,1.0,1
1,1,0,9984,177,1.0,1
1,1,1,13342,548,1.0,1
0,0,0,6423,241,0.0,1
1,0,0,13974,204,0.0,1
1,1,0,10751,360,1.0,1
1,0,1,11995,194,1.0,0
1,0,1,7054,322,1.0,0
1,0,1,7238,577,1.0,0
1,1,1,14819,583,1.0,1
1,0,1,4295,289,0.0,1
0,0,0,10893,228,0.0,1
1,1,1,13005,418,1.0,1
0,0,0,11780,294,0.0,1
0,1,1,13120,119,1.0,1
0,0,0,8400,398,1.0,1
1,1,1,3660,339,1.0,0
1,1,0,8833,334,1.0,1
0,0,1,9171,184,1.0,0
1,0,0,14641,193,1.0,1
0,1,0,7721,141,1.0,0
1,1,0,10410,463,0.0,1
1,0,0,11538,449,1.0,1
0,0,0,10569,552,1.0,1
0,0,0,4767,173,1.0,0
0,0,1,5997,571,1.0,1
1,1,1,8476,464,0.0,1
0,1,0,9755,214,1.0,1
1,1,0,4199,522,1.0,1
1,0,0,12625,289,1.0,1
1,0,0,7044,531,0.0,1
0,1,0,1872,224,1.0,0
0,1,0,5527,105,0.0,1
0,1,0,9997,557,1.0,0
1,1,1,4014,478,1.0,1
1,1,0,2431,141,1.0,1
0,1,0,8971,157,0.0,1
1,0,1,3490,526,1.0,0
1,1,1,5156,109,1.0,1
0,1,0,11107,188,1.0,0
0,1,1,8290,433,1.0,1
0,1,1,10053,210,0.0,1
1,1,1,6883,138,0.0,1
1,1,0,12460,496,0.0,0
1,1,0,2215,558,1.0,1
1,0,1,11337,266,1.0,1
1,1,0,10234,110,0.0,1
0,0,0,3047,209,0.0,1
1,0,0,9492,596,1.0,0
1,0,1,11933,115,1.0,1
1,1,1,2151,132,1.0,1
0,1,1,2550,332,1.0,1
0,1,1,14857,588,1.0,1
0,1,0,6242,287,1.0,1
1,1,0,11544,323,0.0,1
0,1,0,12693,158,1.0,1
0,1,1,14869,557,1.0,1
0,1,1,12776,150,0.0,1
1,1,0,6544,370,1.0,1
0,1,1,6556,563,0.0,1
1,0,1,11788,142,1.0,1
1,1,0,10494,126,1.0,0
0,1,1,8761,155,1.0,1
1,1,1,12346,220,1.0,0
0,0,0,3180,212,1.0,1
1,1,1,11299,415,1.0,1
0,1,0,5022,214,1.0,1
0,0,0,3557,208,1.0,1
0,1,1,4221,579,1.0,1
1,0,0,6321,553,1.0,0
0,0,1,4063,274,1.0,1
1,0,1,13304,211,1.0,1
0,0,1,1702,199,1.0,1
1,1,1,2441,107,1.0,0
1,0,1,2088,546,1.0,1
0,0,1,10262,572,1.0,1
0,1,1,12696,234,1.0,1
0,1,1,9887,350,0.0,0
0,1,1,11037,436,1.0,1
0,0,0,10109,339,1.0,1
1,1,0,3142,321,1.0,0
0,0,1,2865,485,1.0,1
0,0,1,9056,244,1.0,0
1,1,1,1508,476,0.0,1
0,1,0,2031,103,0.0,1
0,1,0,13936,381,0.0,1
1,1,1,11244,433,1.0,0
0,1,1,2535,427,1.0,1
0,1,1,14263,296,1.0,1
0,0,0,3117,488,0.0,0
1,0,1,8222,227,1.0,1
0,1,0,5216,360,1.0,0
1,0,0,7575,190,1.0,1
0,0,1,2576,424,1.0,1
1,0,0,9103,358,1.0,1
0,0,1,13993,521,1.0,1
1,0,0,5515,193,1.0,0
1,0,0,8629,356,1.0,1
1,1,1,4462,235,1.0,0
1,1,1,6340,112,1.0,1
1,1,0,2412,567,1.0,1
1,0,0,5649,297,1.0,1
0,1,0,5570,597,0.0,1
0,1,1,7199,277,1.0,1
1,1,1,13253,211,1.0,1
1,0,1,7422,363,1.0,0
1,1,1,10035,513,1.0,1
1,0,0,10884,468,0.0,1
0,1,0,11624,523,1.0,1
1,1,0,6780,178,1.0,1
0,1,0,10394,477,1.0,0
0,0,0,3398,355,1.0,1
1,0,1,8055,173,0.0,1
1,0,1,13285,482,1.0,1
0,0,0,9890,260,1.0,1
0,0,0,4732,300,0.0,1
1,1,0,4322,468,1.0,1
1,1,0,5984,407,1.0,1
1,0,0,10165,476,1.0,1
0,0,0,7000,132,0.0,0
0,1,0,14552,172,0.0,1
1,0,0,3154,561,1.0,1
0,1,1,2091,451,0.0,1
0,0,0,3348,392,1.0,1
1,1,0,6691,297,1.0,1
1,0,1,14769,424,1.0,0
0,0,1,4541,487,1.0,1
0,1,0,1667,415,1.0,1
1,1,1,5879,339,1.0,1
1,0,1,9161,563,1.0,1
1,0,0,8467,173,0.0,0
1,1,1,14986,130,0.0,1
1,0,0,12962,578,1.0,1
0,1,0,8783,113,1.0,0
0,1,0,13699,304,0.0,0
0,0,1,5510,415,1.0,0
0,1,1,6486,167,0.0,1
1,1,0,5348,227,1.0,1
1,0,0,3681,593,1.0,1
1,1,1,11346,125,0.0,1
0,1,0,13909,507,1.0,1
0,1,1,2332,283,1.0,0
0,1,1,2521,236,0.0,1
1,0,1,11685,390,1.0,1
0,1,1,4992,205,1.0,1
1,0,1,10586,562,1.0,1
1,1,1,11207,123,1.0,1
1,0,0,13362,514,1.0,0
1,1,0,1788,438,1.0,0
1,0,1,9316,549,1.0,1
1,1,1,2576,293,1.0,0
0,1,0,2871,268,0.0,1
1,1,0,2574,135,1.0,1
1,1,0,6434,200,1.0,1
0,0,0,12651,133,1.0,1
1,0,0,1539,476,1.0,0
0,1,0,5774,138,1.0,1
0,0,0,13314,310,1.0,1
0,1,0,1682,329,0.0,0
1,1,1,11451,378,0.0,1
1,0,0,14975,179,0.0,1
0,0,1,11461,337,1.0,1
1,0,0,6996,271,1.0,1
1,1,0,14492,425,1.0,1
0,1,0,10188,541,1.0,0
0,0,0,10288,158,1.0,1
1,1,0,4008,509,1.0,1
0,0,1,13518,121,1.0,1
0,0,0,14261,464,1.0,1
0,0,1,10376,466,1.0,0
1,0,1,9572,443,1.0,0
1,0,0,14848,337,1.0,1
1,0,1,1818,395,1.0,1
0,1,0,13318,440,1.0,0
1,1,0,11127,193,1.0,1
0,0,0,3903,343,1.0,1
1,0,1,12356,110,1.0,1
1,0,0,14016,216,0.0,1
0,1,1,2228,364,1.0,1
1,0,0,2787,111,0.0,1
0,0,0,5501,253,1.0,1
1,0,1,7106,137,1.0,1
1,1,1,10252,598,1.0,1
0,0,1,2875,230,1.0,1
0,1,1,11157,481,1.0,0
0,1,1,12198,324,1.0,0
1,0,1,13578,242,1.0,1
1,1,0,1524,530,1.0,1
1,1,1,2654,488,1.0,0
0,1,0,14157,153,1.0,1
0,0,0,2959,123,1.0,0
0,1,0,6607,494,0.0,0
1,0,0,6206,220,0.0,1
1,0,0,10912,218,0.0,1
0,0,1,3656,260,1.0,0
1,1,0,7479,570,1.0,1
0,0,0,12983,173,0.0,1
1,1,0,9443,284,1.0,1
1,1,1,7542,535,1.0,1
0,1,1,10411,291,1.0,0
1,1,1,8986,526,1.0,1
1,0,1,2605,319,1.0,1
0,0,0,5269,586,0.0,0
0,1,1,3979,220,0.0,0
1,0,0,11612,308,1.0,0
0,0,1,12771,483,1.0,1
1,0,1,6231,399,1.0,0
0,1,1,14960,445,1.0,1
1,0,1,12861,572,1.0,0
1,1,0,4672,263,1.0,1
0,0,1,9685,367,1.0,0
1,1,0,8568,539,1.0,1
1,1,0,8057,102,0.0,1
0,1,0,4830,149,0.0,1
0,0,0,7522,512,1.0,0
1,1,0,14143,463,1.0,0
0,0,0,3558,571,0.0,1
0,1,0,7190,310,0.0,1
1,0,1,13013,560,0.0,0
1,1,0,7271,115,1.0,1
0,0,1,3370,267,1.0,1
0,1,1,5121,382,1.0,0
0,1,0,10837,478,1.0,1
1,1,0,5491,425,1.0,1
1,0,1,13065,397,0.0,1
1,1,1,9816,284,1.0,0
1,1,0,10003,237,0.0,1
1,1,0,2274,224,1.0,1
1,1,1,12612,521,1.0,1
1,0,1,11523,491,1.0,1
0,1,0,10385,501,1.0,1
0,1,1,6778,579,0.0,1
1,0,1,2876,500,1.0,1
1,0,0,7439,157,0.0,1
1,0,1,10681,461,0.0,1
0,1,0,4346,165,0.0,1
1,0,0,8317,527,1.0,0
0,0,0,8930,439,1.0,1
0,0,1,11444,301,1.0,0
0,1,0,12651,108,1.0,0
0,1,1,12145,531,0.0,1
0,1,0,12735,522,1.0,1
1,0,0,3216,204,0.0,1
1,1,1,11318,188,0.0,1
0,0,1,12780,188,0.0,1
1,0,1,8280,443,1.0,1
0,0,0,4831,105,1.0,0
0,1,1,13720,257,1.0,0
1,0,0,10581,478,0.0,1
1,0,1,2878,429,1.0,1
1,1,0,6084,202,1.0,1
1,0,0,8881,322,1.0,1
1,0,0,5775,501,1.0,1
0,0,0,7038,270,1.0,1
1,1,1,11399,132,1.0,0
1,0,1,8810,280,0.0,1
1,1,0,12056,283,1.0,1
0,1,0,1731,502,0.0,0
1,0,1,11504,186,1.0,1
0,0,1,11304,168,1.0,1
1,0,1,6922,479,0.0,1
1,0,1,5926,125,1.0,1
0,1,1,14348,512,1.0,0
1,1,1,12688,507,1.0,1
1,0,0,1747,105,1.0,1
0,1,1,5878,355,1.0,1
1,0,1,14727,281,1.0,0
0,0,0,11771,394,0.0,1
0,0,1,5241,359,1.0,0
0,0,1,14317,483,0.0,1
0,1,1,14168,413,1.0,1
0,1,0,1562,403,1.0,1
1,0,1,5723,415,1.0,0
1,0,0,3051,333,1.0,1
1,1,1,7806,381,0.0,1
0,1,0,4505,306,1.0,1
0,1,1,4822,176,1.0,1
0,0,1,9497,267,1.0,1
0,1,1,9986,441,1.0,1
1,0,0,13966,478,1.0,1
1,0,1,14016,560,1.0,1
0,1,1,2382,155,1.0,0
0,0,0,1893,394,1.0,0
1,1,0,4239,180,0.0,1
0,0,0,13159,583,1.0,1
0,0,1,5667,266,1.0,1
0,0,0,5913,275,1.0,1
1,0,1,13662,380,0.0,0
1,0,0,6190,517,1.0,1
0,0,0,5974,482,0.0,0
1,1,1,14694,248,1.0,1
0,1,1,5731,355,1.0,1
0,0,1,4277,380,1.0,1
1,1,1,13384,444,1.0,1
0,0,0,2901,377,1.0,0
0,1,0,9586,378,1.0,0
1,1,0,14930,508,1.0,1
0,0,1,2405,305,1.0,1
0,1,1,2029,561,1.0,1
0,0,0,9511,509,1.0,1
1,1,0,8578,587,1.0,1
0,0,1,6118,129,0.0,1
1,1,0,5221,317,1.0,1
0,0,0,10078,521,1.0,0
0,1,0,4121,569,1.0,1
0,0,1,8226,330,0.0,1
0,1,0,2072,458,0.0,1
1,0,1,2143,261,0.0,0
1,1,0,5571,316,1.0,0
0,0,1,9571,327,1.0,0
0,1,0,8513,432,1.0,1
0,0,0,10984,320,0.0,0
0,0,0,13287,333,1.0,1
0,0,1,14334,172,1.0,1
0,0,0,7105,498,1.0,0
0,1,0,12177,194,1.0,0
0,1,1,7182,527,0.0,1
1,1,1,2054,574,0.0,1
1,0,0,11850,194,1.0,1
1,0,0,4893,493,1.0,0
0,0,0,12266,342,1.0,0
0,0,0,11916,472,1.0,1
0,0,0,13301,392,1.0,0
1,1,1,14411,362,0.0,1
0,1,0,11680,223,1.0,0
1,1,1,10635,387,0.0,0
0,0,1,6068,599,0.0,1
1,0,0,10685,366,0.0,1
1,0,1,4959,531,1.0,1
1,0,0,2621,208,1.0,1
0,0,1,7030,447,0.0,0
1,0,1,13138,551,0.0,1
0,0,0,13957,147,0.0,1
0,1,0,6609,400,0.0,0
0,1,1,1555,194,1.0,1
0,0,0,11448,576,1.0,1
0,0,0,10349,132,1.0,1
1,0,1,14744,217,1.0,0
0,1,1,9951,231,1.0,0
0,1,1,6236,350,1.0,1
0,0,0,4109,402,1.0,0
0,1,0,5409,221,1.0,0
0,1,0,1903,317,1.0,0
1,1,1,2294,152,1.0,1
1,0,0,3061,225,0.0,1
0,1,1,10875,258,0.0,1
1,1,1,12333,258,1.0,0
1,0,1,8923,382,1.0,1
0,0,1,12356,188,0.0,1
1,1,1,8295,275,1.0,1
0,0,1,14501,391,1.0,0
1,1,1,13299,532,1.0,1
1,1,0,6992,258,1.0,0
1,0,1,11649,590,1.0,1
0,0,0,11785,348,1.0,1
1,1,0,11444,456,1.0,1
1,0,0,6499,221,1.0,1
0,0,0,7698,336,1.0,1
0,1,0,6697,527,1.0,0
1,1,1,5062,224,1.0,1
0,1,0,3194,414,1.0,1
1,1,0,2355,378,0.0,1
1,1,0,10987,454,1.0,1
0,1,1,6255,423,1.0,1
0,0,0,5121,191,1.0,0
0,0,0,5706,525,1.0,1
1,1,0,2538,204,0.0,1
0,0,0,6096,141,1.0,1
1,0,1,6013,496,0.0,1
0,1,0,5870,228,1.0,1
1,0,1,9161,559,1.0,1
0,0,1,6816,590,0.0,0
1,1,0,4947,152,1.0,1
0,0,0,7350,267,1.0,0
1,0,1,8730,189,0.0,1
0,1,0,4932,346,1.0,1
0,0,0,8616,273,1.0,1
1,0,0,6729,593,1.0,1
0,0,1,13440,471,1.0,1
1,1,1,3741,186,1.0,1
1,1,0,9318,468,1.0,1
0,0,0,13222,249,1.0,1
1,0,1,8498,348,0.0,1
0,1,1,6394,214,1.0,0
0,1,1,11655,279,1.0,1
1,0,1,7944,219,1.0,1
0,1,1,4515,127,1.0,1
1,0,1,8315,408,1.0,1
1,0,1,13259,216,1.0,1
0,1,0,13562,290,1.0,1
0,1,1,6364,244,1.0,1
1,0,1,11176,419,1.0,0
1,0,0,5734,361,1.0,0
0,1,0,6456,241,1.0,0
0,0,0,3839,213,1.0,0
0,1,1,10026,483,1.0,0
0,1,1,8342,372,1.0,1
1,1,0,3358,137,0.0,1
0,1,0,2707,296,0.0,0
1,1,0,2424,112,1.0,1
1,0,1,14768,211,1.0,1
0,1,0,4445,536,1.0,1
1,1,1,6881,236,1.0,1
0,1,1,6929,271,1.0,1
1,1,1,5939,226,0.0,1
0,1,1,9091,461,1.0,1
1,1,0,14444,509,0.0,1
1,1,0,7392,432,0.0,0
0,0,0,13277,118,0.0,1
0,0,1,7445,531,0.0,0
1,0,0,9191,564,1.0,0
1,0,1,14048,307,1.0,1
0,1,1,5527,257,1.0,0
1,0,1,13956,259,0.0,1
0,1,0,14447,433,1.0,0
1,0,1,5795,339,1.0,1
0,0,1,14369,475,1.0,0
1,1,0,8979,178,1.0,0
0,1,0,6161,431,1.0,1
0,0,0,13534,456,0.0,0
1,0,1,3898,430,1.0,1
0,0,1,1527,296,1.0,1
1,0,0,13642,219,1.0,0
0,1,1,3398,347,1.0,0
0,0,1,14419,238,1.0,1
0,0,0,8800,325,1.0,0
1,0,0,3927,182,1.0,1
0,0,0,3125,509,1.0,1
1,0,0,12267,125,0.0,1
0,1,0,3536,227,0.0,0
1,1,0,11002,500,1.0,1
1,1,0,4855,322,1.0,0
1,1,0,8546,438,1.0,0
0,1,1,5220,143,1.0,0
1,0,1,6402,183,1.0,1
0,1,1,11966,506,1.0,1
1,1,1,11766,124,0.0,1
1,0,1,6736,319,1.0,1
1,1,1,9780,392,0.0,0
1,1,1,13496,303,1.0,1
0,1,1,9813,467,1.0,1
1,1,1,6461,292,1.0,0
1,0,1,1532,101,0.0,0
0,0,1,6198,301,1.0,1
1,1,0,10387,453,1.0,1
1,0,1,5341,131,1.0,0
1,1,0,10216,188,1.0,1
1,0,1,14835,301,1.0,1
0,0,0,6944,538,1.0,0
0,0,1,7677,277,1.0,1
1,0,0,9938,292,1.0,1
0,0,1,5426,259,1.0,1
0,0,0,12793,392,1.0,0
1,0,1,11788,303,0.0,0
0,0,0,11654,340,1.0,0
1,0,1,4459,214,1.0,1
0,0,0,3727,309,1.0,1
0,0,0,2893,321,1.0,1
0,1,0,11599,496,1.0,1
1,0,0,3523,281,0.0,0
0,1,0,14525,358,1.0,1
1,0,0,7564,568,0.0,1
1,1,0,9062,525,1.0,0
0,1,0,8139,561,1.0,0
1,1,1,3978,139,1.0,1
0,0,1,8874,429,1.0,0
1,0,1,9429,421,1.0,1
1,0,0,5959,159,1.0,1
0,0,0,7953,592,1.0,0
0,1,1,10673,584,1.0,0
0,0,1,12915,110,1.0,1
0,0,0,9918,219,1.0,1
1,0,0,2766,484,1.0,1
1,0,1,3557,509,1.0,1
1,0,0,9496,141,1.0,0
0,0,1,11943,289,1.0,1
1,0,0,4441,222,1.0,1
0,0,1,1656,288,1.0,1
1,1,1,8498,351,1.0,0
0,1,0,11765,560,1.0,1
1,0,1,13755,191,1.0,0
1,0,0,2260,583,1.0,1
0,0,0,10465,312,1.0,1
1,0,0,7907,417,0.0,0
0,1,0,11244,301,1.0,1
1,1,0,8231,367,1.0,1
1,0,1,2457,593,1.0,1
0,1,0,1753,254,0.0,0
0,1,0,9385,294,1.0,0
1,0,1,3069,127,1.0,0
1,0,0,12910,293,1.0,1
1,0,1,8993,511,1.0,0
1,1,0,9005,598,0.0,1
1,1,1,8383,322,1.0,1
1,0,0,13905,206,1.0,1
0,0,0,12928,248,0.0,0
0,1,0,14337,234,1.0,1
0,1,0,6506,597,1.0,1
1,0,0,14657,194,0.0,1
1,1,1,10499,369,0.0,0
1,0,1,7268,522,1.0,1
0,0,0,6416,473,0.0,0
0,1,1,11473,225,0.0,0
1,1,0,10913,458,0.0,0
1,1,0,9041,428,1.0,1
0,0,0,13355,570,1.0,0
0,0,1,8207,417,1.0,1
0,0,0,4700,111,0.0,1
1,0,1,8057,576,1.0,0
1,0,0,9047,393,1.0,1
1,0,0,10571,541,1.0,0
0,1,1,6588,539,1.0,0
0,0,0,1500,394,1.0,0
1,0,1,1666,441,1.0,1
1,0,0,3563,103,1.0,0
0,0,0,12396,403,1.0,1
1,1,0,9803,490,1.0,1
0,0,1,13131,415,0.0,0
0,1,0,2625,267,1.0,0
1,1,1,4141,107,1.0,1
0,0,0,2929,223,0.0,0
1,0,0,7601,471,1.0,0
0,1,1,11735,413,1.0,0
0,1,0,14294,284,1.0,1
1,0,0,3134,134,1.0,0
0,1,1,10362,172,1.0,1
1,0,1,4611,470,1.0,1
1,0,1,3190,112,1.0,0
0,1,0,9215,138,1.0,1
1,0,1,8140,183,1.0,1
1,0,1,5457,120,1.0,1
1,0,0,10656,352,1.0,1
1,1,1,1780,402,0.0,1
1,1,1,5946,566,1.0,0
1,1,0,11658,357,1.0,0
0,0,1,4308,399,1.0,1
1,1,0,6902,587,0.0,1
0,1,1,3464,129,0.0,1
0,1,1,14515,570,0.0,1
1,0,0,13082,227,1.0,0
0,0,1,2322,410,1.0,1
0,1,0,11129,139,1.0,1
1,1,1,3561,560,1.0,0
1,1,1,6675,196,1.0,1
1,0,0,5365,323,1.0,1
0,1,0,5794,191,1.0,0
0,0,1,14465,379,0.0,1
1,0,1,13728,269,1.0,0
1,0,1,11156,383,0.0,1
0,1,0,1577,321,1.0,0
0,1,0,3659,216,1.0,1
0,0,1,14322,347,1.0,1
0,0,1,4687,460,1.0,1
1,0,1,10857,448,1.0,1
0,0,0,8635,453,1.0,1
0,1,1,2289,534,1.0,1
0,1,0,3063,505,0.0,1
0,0,0,2822,188,1.0,0
1,0,1,14887,177,1.0,1
1,0,0,8173,557,0.0,1
0,1,0,3002,173,1.0,1
0,0,1,8616,491,1.0,0
1,1,1,11183,113,0.0,1
1,0,1,3159,144,1.0,1
0,1,1,11007,137,1.0,1
0,1,1,4562,515,1.0,1
1,0,1,9816,344,0.0,1
1,1,1,4562,161,1.0,0
1,1,0,10210,592,1.0,0
1,1,1,3570,195,1.0,1
1,1,1,5757,422,1.0,1
1,0,1,12368,351,1.0,1
0,0,1,4053,567,0.0,1
1,0,1,14669,160,1.0,1
1,0,1,13627,368,1.0,1
1,0,0,2544,218,1.0,1
1,1,1,11479,186,1.0,1
0,1,0,7457,182,1.0,1
0,1,1,13227,179,1.0,0
1,1,0,6078,327,1.0,1
0,0,0,7121,582,0.0,1
0,0,0,3466,402,1.0,1
0,1,1,12048,210,1.0,1
0,0,1,6469,469,1.0,1
0,1,1,3750,409,1.0,1
0,1,1,13179,170,1.0,1
1,0,1,9833,535,1.0,0
1,0,1,10695,584,1.0,0
1,0,0,11846,427,1.0,1
1,0,0,3514,124,1.0,1
1,0,0,6124,378,1.0,0
0,0,1,5108,301,0.0,0
1,0,1,8219,513,1.0,1
1,1,0,10660,324,1.0,0
0,0,1,5425,366,1.0,1
0,1,1,13650,518,0.0,0
1,1,1,7368,382,1.0,1
0,0,0,12427,216,1.0,1
0,1,0,2304,166,1.0,1
0,0,1,2834,146,1.0,1
0,1,0,13676,340,1.0,1
1,1,0,2167,277,1.0,1
0,1,1,1884,107,0.0,1
1,0,1,12816,282,1.0,1
1,1,0,11300,176,1.0,0
0,1,0,4754,525,1.0,0
0,1,1,4940,166,1.0,1
0,0,1,4248,247,1.0,1
1,1,1,1512,593,1.0,1
0,0,0,9226,272,1.0,1
0,1,0,12699,134,1.0,0
0,1,1,11899,176,0.0,1
0,1,1,6903,503,1.0,1
0,0,1,8954,379,1.0,0
1,1,1,7651,284,1.0,1
0,1,0,13859,154,1.0,0
0,1,1,11837,492,1.0,1
0,1,1,7730,193,1.0,1
1,0,0,11557,572,0.0,1
0,1,1,1600,243,1.0,0
1,1,0,13771,346,1.0,0
1,1,0,14068,538,0.0,1
0,1,0,6478,299,1.0,1
0,0,1,11004,335,1.0,1
0,1,0,12488,413,1.0,1
1,1,1,8034,419,1.0,0
1,0,0,6204,319,0.0,0
1,1,0,1949,431,1.0,0
1,1,0,13131,470,1.0,1
1,1,1,13193,315,1.0,1
1,0,1,4667,148,1.0,1
0,1,0,6880,384,1.0,1
0,0,1,9812,562,1.0,1
1,0,0,13129,217,1.0,1
0,0,0,5356,181,0.0,1
0,0,0,2575,362,1.0,1
1,0,0,5913,176,1.0,1
1,0,1,12414,310,0.0,1
0,0,0,2201,595,1.0,1
1,1,1,4848,590,1.0,1
1,1,0,13360,221,1.0,0
0,0,0,9685,424,1.0,1
1,0,0,12957,189,1.0,1
0,0,0,8336,357,0.0,1
0,0,0,14804,260,1.0,1
0,0,1,9712,275,1.0,1
0,0,1,12138,392,1.0,1
0,1,0,7334,188,0.0,0
1,1,1,3749,226,1.0,0
1,0,1,12205,572,0.0,1
1,0,0,4722,458,1.0,1
1,0,0,6491,385,1.0,1
0,1,0,10874,396,1.0,1
0,0,0,12049,359,1.0,1
1,1,1,9618,438,1.0,1
0,1,1,4051,574,1.0,1
1,1,1,11765,343,1.0,0
1,0,1,9757,210,0.0,1
1,0,0,9602,522,1.0,1
0,1,0,14050,123,1.0,1
0,1,0,10163,149,0.0,0
0,1,0,3714,136,1.0,1
0,1,1,12917,280,1.0,1
1,0,1,10034,352,1.0,1
0,1,0,2217,124,0.0,0
0,0,1,3960,448,1.0,0
0,1,1,13428,224,1.0,1
1,0,0,4755,130,1.0,1
1,1,1,7290,336,1.0,1
0,0,0,12957,326,1.0,0
0,0,1,6834,447,0.0,0
0,0,1,13781,137,1.0,1
0,1,0,8330,482,0.0,1
1,0,0,9254,157,1.0,0
0,1,0,8440,335,0.0,1
0,0,1,12222,280,1.0,1
0,0,0,5132,213,1.0,1
1,1,1,10747,405,0.0,1
1,0,0,1514,231,1.0,1
0,0,1,13081,447,0.0,0
0,1,0,13006,279,1.0,0
0,0,0,9708,514,0.0,1
0,0,1,12273,570,0.0,0
0,0,1,11471,177,1.0,1
1,0,0,3449,319,1.0,1
1,1,1,9772,241,0.0,1
1,0,0,8299,484,1.0,0
0,0,1,8079,142,1.0,1
1,0,1,4579,579,1.0,0
1,0,0,9627,217,1.0,1
1,0,0,10710,158,0.0,1
0,0,1,10471,160,1.0,1
0,0,1,3324,140,1.0,0
1,0,1,7829,373,1.0,1
0,1,1,5364,287,1.0,0
1,1,0,12161,552,0.0,1
1,1,0,4013,589,1.0,1
1,1,1,11822,434,1.0,1
1,0,0,8210,286,1.0,0
0,0,1,10016,525,0.0,1
0,1,1,4990,563,0.0,1
0,1,1,14838,327,1.0,1
0,1,0,10368,263,1.0,1
1,0,1,7625,523,1.0,1
0,0,0,9579,385,0.0,0
1,1,0,11703,201,0.0,0
0,1,1,6388,570,1.0,1
0,1,0,13308,366,1.0,0
0,1,1,12825,223,1.0,1
1,1,1,4204,252,1.0,1
1,0,0,10886,528,1.0,1
1,1,1,7760,278,1.0,1
1,0,0,12767,526,1.0,0
0,1,0,10596,165,1.0,1
1,1,0,6097,198,1.0,1
1,0,1,14586,530,1.0,1
0,1,0,4404,123,1.0,1
0,0,1,12992,432,1.0,1
1,0,1,2623,348,0.0,1
0,1,0,14930,589,1.0,1
1,1,0,8435,264,0.0,1
0,0,1,5816,483,1.0,0
1,0,0,12749,539,0.0,0
1,1,0,3770,193,1.0,1
1,0,0,4224,558,1.0,1
1,1,1,9621,442,1.0,0
1,0,0,9171,223,1.0,1
0,1,1,3758,401,1.0,0
1,0,1,5362,255,1.0,1
1,0,0,10622,448,1.0,0
1,1,0,5146,348,1.0,1
1,0,1,14673,535,1.0,1
1,0,1,8525,370,1.0,0
0,0,0,14049,528,1.0,0
0,0,1,2771,157,0.0,0
1,0,0,13504,294,1.0,1
0,0,1,10489,300,1.0,1
1,0,0,12826,171,1.0,0
0,1,1,4963,594,1.0,1
0,0,0,12279,346,1.0,1
1,0,0,10108,580,0.0,0
0,1,1,13825,197,0.0,0
0,0,0,12047,428,0.0,1
1,0,1,6441,180,1.0,1
1,1,1,2397,524,1.0,0
0,0,1,9744,164,0.0,1
0,0,1,2105,523,1.0,1
0,1,0,5177,104,1.0,1
1,1,1,6047,577,1.0,0
0,0,1,10152,558,0.0,1
0,0,1,2274,383,0.0,0
0,1,0,6756,393,1.0,1
1,0,1,6991,180,0.0,1
1,1,0,5530,597,0.0,1
1,1,0,13019,186,1.0,1
1,1,1,6656,501,1.0,1
0,0,0,7273,392,1.0,0
1,1,1,8675,510,1.0,1
0,1,0,13014,380,0.0,1
0,1,0,12386,296,0.0,1
0,0,1,5018,351,1.0,1
0,0,0,8275,182,0.0,1
1,0,1,9106,126,1.0,0
1,1,0,6878,432,1.0,1
1,0,1,8173,281,0.0,0
1,0,1,7944,234,1.0,1
1,1,1,10176,189,1.0,0
0,1,1,13879,305,1.0,1
1,0,0,10879,126,1.0,0
1,0,1,5227,477,1.0,0
1,1,1,5496,158,1.0,1
1,0,1,12684,171,1.0,1
0,1,1,7881,514,1.0,0
0,1,0,11401,326,1.0,1
0,0,1,8312,190,1.0,1
0,0,0,3489,167,1.0,1
0,0,1,13965,461,0.0,0
1,0,1,5845,359,1.0,0
0,1,1,9674,245,1.0,1
0,0,1,14552,162,1.0,1
0,0,1,13330,442,1.0,0
1,0,1,4214,579,0.0,0
1,1,0,8546,559,1.0,1
0,0,0,5686,279,1.0,1
1,0,1,1838,567,1.0,1
1,1,1,11353,210,1.0,1
0,1,1,7468,290,1.0,0
1,1,0,13956,528,1.0,0
1,1,1,9184,495,1.0,1
1,1,0,8221,491,1.0,0
0,0,0,13386,345,1.0,0
0,1,0,14567,377,1.0,1
0,1,0,9861,446,0.0,1
1,1,0,8005,524,0.0,1
0,1,1,7887,471,1.0,1
1,1,0,9510,396,0.0,1
1,1,0,13925,436,1.0,1
1,1,1,12791,222,1.0,0
0,1,1,14306,156,1.0,0
0,0,0,7976,259,0.0,1
0,0,1,4512,226,1.0,1
0,0,1,8984,324,0.0,1
1,1,1,4110,194,0.0,0
0,1,0,3973,410,1.0,0
1,1,0,6755,105,1.0,1
0,0,1,13453,522,0.0,0
0,1,1,4188,364,1.0,1
0,1,0,6304,333,0.0,1
1,1,0,2790,387,0.0,1
1,0,1,11727,519,1.0,1
1,0,0,9798,483,1.0,1
1,1,0,4107,115,1.0,1
1,0,1,11877,239,0.0,1
0,1,1,9578,396,1.0,1
1,1,0,3188,294,1.0,1
1,0,0,8011,285,1.0,1
1,0,0,9697,574,0.0,1
1,0,1,10214,574,1.0,1
0,0,1,8172,492,0.0,1
1,1,1,4843,224,1.0,1
0,1,1,13587,116,1.0,0
0,0,0,1565,465,1.0,1
0,0,1,4910,488,1.0,1
1,1,1,4481,125,1.0,0
0,1,0,14285,312,0.0,1
1,1,1,7088,484,1.0,1
1,1,0,4315,100,1.0,1
1,0,1,6596,390,1.0,1
1,0,0,3517,364,1.0,1
1,0,0,8173,442,0.0,1
0,1,0,3242,137,1.0,1
0,1,1,7220,332,1.0,0
1,0,0,5009,359,1.0,0
0,0,1,13773,407,1.0,1
1,0,1,7886,502,1.0,1
0,1,1,5034,584,1.0,1
0,0,1,6636,360,0.0,1
0,1,1,7085,575,0.0,1
0,0,1,12474,337,0.0,0
0,0,0,10054,205,1.0,1
1,0,0,12973,346,1.0,0
1,1,1,8658,403,0.0,1
0,1,1,3134,442,1.0,0
1,1,1,2024,546,0.0,1
0,1,1,6426,137,0.0,1
1,1,1,3222,407,1.0,1
0,1,0,10111,442,1.0,1
0,0,0,8429,145,1.0,0
0,1,1,13920,309,1.0,1
1,0,1,7657,192,0.0,0
1,1,0,5364,319,0.0,0
0,0,1,2567,355,0.0,1
0,0,1,11092,236,1.0,0
1,1,1,7938,330,0.0,1
1,0,0,2919,405,0.0,1
1,1,0,8771,301,0.0,0
1,1,1,12825,165,0.0,0
1,1,0,13328,560,1.0,1
0,1,0,5502,137,1.0,0
1,0,1,2129,254,1.0,1
0,1,0,14108,204,1.0,0
0,0,0,14942,354,1.0,1
1,0,0,3334,503,1.0,1
1,0,0,6818,587,1.0,1
0,1,0,6500,545,1.0,1
1,0,0,5631,557,0.0,0
0,1,1,8229,115,1.0,1
1,0,1,3853,178,1.0,1
1,1,1,4555,112,1.0,1
1,1,0,12632,469,1.0,1
0,1,1,9703,201,1.0,1
1,1,0,11822,503,1.0,1
0,0,0,12795,251,1.0,1
1,0,1,11123,588,0.0,1
0,1,0,4657,277,1.0,1
1,0,1,7582,490,0.0,1
0,1,0,7363,186,0.0,0
0,1,1,11126,187,0.0,1
0,0,1,2456,128,1.0,1
0,1,1,5358,488,1.0,1
0,1,1,6308,462,1.0,0
0,1,0,7638,592,1.0,1
1,1,1,13326,518,1.0,1
0,1,0,13595,420,1.0,0
0,0,1,9932,199,1.0,1
0,0,1,9384,214,1.0,1
1,0,1,8541,309,0.0,1
1,1,0,3455,553,1.0,0
1,1,1,11704,442,1.0,1
0,1,1,6491,173,0.0,1
1,1,0,5565,234,0.0,1
1,1,1,4303,527,1.0,1
0,1,0,13595,555,1.0,0
0,0,1,2524,368,1.0,0
1,1,1,10292,449,0.0,1
0,0,1,3829,565,1.0,1
0,1,0,4198,177,0.0,0
0,0,1,6194,558,1.0,1
0,1,1,4526,479,1.0,1
1,0,1,9347,589,1.0,1
0,0,0,10834,224,1.0,1
1,1,0,2511,137,1.0,1
1,1,0,8543,368,1.0,1
1,0,0,7124,409,1.0,1
1,1,0,10795,205,0.0,1
0,1,0,11338,143,0.0,1
0,1,1,3200,324,1.0,0
0,0,1,14744,341,1.0,0
1,1,1,1718,496,0.0,1
1,0,1,13280,252,0.0,1
1,0,1,9578,123,1.0,0
0,1,0,10418,223,1.0,0
1,0,0,8652,384,1.0,1
0,1,0,7326,583,1.0,1
0,1,1,7085,553,1.0,1
0,0,0,14305,501,0.0,1
0,0,1,9558,447,1.0,1
1,0,0,2311,360,1.0,1
0,0,1,6956,245,1.0,0
1,0,0,9177,290,1.0,1
0,1,1,6409,480,1.0,1
1,0,0,6209,264,1.0,0
1,1,1,6021,170,1.0,1
0,1,0,11275,538,1.0,1
0,0,1,5537,300,1.0,0
0,0,1,10574,454,1.0,1
1,0,1,9511,111,1.0,1
0,0,1,1931,151,0.0,1
0,0,0,13726,540,1.0,1
1,1,0,9675,355,1.0,1
0,1,0,10639,401,1.0,1
1,1,1,13599,459,1.0,1
0,0,0,11359,399,1.0,0
1,0,1,12674,586,1.0,0
1,1,0,8048,507,1.0,1
0,0,1,4039,108,1.0,1
1,0,0,11805,239,1.0,1
0,0,1,14699,199,1.0,1
0,1,1,1890,584,1.0,0
1,0,0,1582,236,1.0,0
0,1,0,2502,458,1.0,1
1,0,0,10172,465,1.0,1
1,0,1,10468,471,1.0,1
1,1,1,8896,121,1.0,0
1,0,1,13781,244,1.0,1
1,0,0,11446,260,0.0,1
1,0,1,10940,348,0.0,0
1,1,0,10828,274,1.0,0
1,0,1,12391,187,1.0,1
0,0,0,4756,498,1.0,1
0,0,1,11227,576,0.0,1
1,0,1,4744,579,1.0,1
0,0,0,7507,132,1.0,1
0,1,1,2022,576,0.0,1
0,1,1,3194,370,1.0,1
0,0,0,3752,382,1.0,1
0,0,1,6337,325,1.0,0
0,1,0,13301,544,0.0,1
1,0,0,8826,551,0.0,1
0,0,1,9969,596,1.0,0
0,0,1,1647,211,1.0,0
0,0,1,9648,181,1.0,1
0,0,0,14565,312,1.0,1
1,0,1,14894,403,1.0,1
1,0,0,14206,107,1.0,1
1,0,1,12277,233,1.0,0
1,1,1,13346,546,1.0,1
0,1,0,5120,217,1.0,1
1,0,1,12131,183,1.0,0
1,0,1,14944,357,0.0,0
1,0,1,10631,342,1.0,1
1,0,1,5209,336,1.0,0
0,1,1,5837,249,1.0,1
1,1,0,6594,473,1.0,1
0,1,1,10915,120,0.0,0
1,1,0,8972,233,1.0,1
0,0,1,4863,478,0.0,1
0,0,1,4523,195,0.0,1
1,0,0,3317,553,1.0,0
1,1,1,13064,112,1.0,0
1,0,1,2183,100,1.0,1
1,0,0,7007,249,0.0,1
0,1,0,8231,216,1.0,1
0,1,1,10924,251,0.0,1
1,1,0,13077,163,1.0,1
1,1,0,10308,524,1.0,1
0,1,0,11765,577,1.0,1
1,0,0,4410,249,1.0,1
0,0,1,14799,416,1.0,1
1,1,1,3517,463,1.0,1
0,0,0,5723,111,1.0,0
0,0,1,14200,189,1.0,1
0,0,0,3684,487,1.0,1
0,0,1,2857,182,1.0,0
0,1,1,8191,563,1.0,1
1,0,0,8031,349,1.0,1
0,0,0,6166,483,1.0,1
1,0,1,8897,495,1.0,1
0,1,1,12755,132,1.0,1
0,0,1,3968,248,1.0,1
1,1,0,8791,227,1.0,0
1,1,1,8755,199,0.0,1
1,1,0,5420,556,1.0,1
1,1,0,5736,586,0.0,1
0,0,0,3439,461,1.0,1
1,1,1,5356,592,0.0,1
0,1,0,1550,427,1.0,1
1,1,1,8630,311,1.0,1
1,1,0,12668,173,1.0,1
0,1,1,2860,195,1.0,0
0,0,1,8305,191,0.0,1
1,1,0,13428,429,1.0,1
0,0,0,13494,427,1.0,1
0,0,1,13494,535,1.0,0
0,1,1,10057,274,1.0,0
0,0,0,12647,324,0.0,0
0,0,0,7530,414,1.0,0
0,0,1,4545,274,0.0,0
0,1,1,11695,155,1.0,0
0,1,0,12593,596,0.0,1
1,1,1,1757,368,1.0,1
0,1,0,13151,527,1.0,0
1,1,0,1544,134,1.0,0
0,1,0,9960,218,1.0,0
0,1,0,2834,470,1.0,1
0,0,1,2171,512,1.0,0
0,0,0,8500,155,1.0,0
1,1,0,5138,488,0.0,1
1,0,1,7585,550,1.0,1
0,1,1,1734,408,1.0,0
1,1,0,8334,456,0.0,1
0,1,0,4707,475,1.0,1
0,0,0,7064,415,1.0,1
1,1,0,3900,204,1.0,1
1,1,0,11109,489,0.0,0
0,1,0,6589,275,0.0,1
0,1,1,14062,205,0.0,1
1,0,1,9051,179,0.0,1
0,1,0,6505,262,1.0,0
1,0,1,8990,501,1.0,0
0,0,1,12946,366,1.0,1
0,1,0,9240,150,0.0,0
1,1,1,10131,476,0.0,1
1,0,1,6682,378,1.0,1
1,0,0,14659,402,1.0,1
0,0,0,2150,174,0.0,0
0,0,0,1533,542,1.0,1
0,1,1,12444,540,1.0,0
0,0,0,14654,448,1.0,1
1,0,1,4532,226,0.0,1
0,0,0,14619,345,1.0,1
0,0,0,9144,411,1.0,0
0,1,0,2610,333,1.0,1
1,1,0,12973,254,1.0,1
0,1,1,10153,172,1.0,0
0,0,1,10013,518,0.0,1
1,0,0,6010,538,1.0,0
0,1,1,3374,236,0.0,1
0,1,0,4539,373,1.0,1
1,0,0,11929,143,0.0,1
0,1,1,13713,346,1.0,1
0,0,1,2756,248,1.0,1
0,0,0,12131,155,1.0,1
1,0,0,13701,275,1.0,1
0,0,0,4740,455,1.0,1
0,0,1,5763,356,1.0,1
1,0,0,12994,510,1.0,0
1,1,0,6769,400,0.0,1
0,1,0,12403,162,1.0,1
0,1,0,9217,413,1.0,1
0,0,0,2909,523,1.0,1
0,1,0,12120,162,1.0,1
1,0,1,3332,393,1.0,1
0,0,0,3524,128,1.0,1
1,0,0,13038,139,1.0,1
1,0,1,7236,246,1.0,1
0,1,1,6493,187,1.0,1
0,1,0,13623,155,1.0,0
1,1,1,12603,399,1.0,1
1,0,0,9134,292,0.0,1
0,1,1,6457,199,1.0,1
1,1,1,13937,314,1.0,1
0,1,0,4713,240,0.0,0
0,0,1,11855,513,1.0,0
1,1,0,14611,148,1.0,0
1,0,1,7708,598,1.0,1
0,1,0,11144,214,1.0,0
1,0,1,7953,328,0.0,1
0,1,0,4253,351,1.0,1
0,1,0,12593,174,1.0,1
0,1,0,12763,290,0.0,1
1,0,0,8828,298,1.0,1
0,1,1,13738,262,1.0,1
0,1,0,1805,238,0.0,1
0,0,1,2884,148,1.0,1
0,0,1,4867,462,1.0,1
0,0,0,3074,466,1.0,0
0,0,0,2372,214,0.0,1
0,1,1,9860,267,1.0,0
0,1,1,7078,595,1.0,0
0,0,1,11295,376,1.0,1
0,1,0,2530,146,1.0,1
0,0,0,9264,358,1.0,1
1,1,1,11426,513,0.0,1
0,0,1,8231,315,1.0,0
0,1,1,8405,329,0.0,1
0,0,0,5942,226,1.0,0
1,0,1,5167,422,1.0,1
0,1,1,14522,417,1.0,0
1,1,1,2776,520,0.0,1
0,1,1,8053,324,0.0,0
0,0,0,2042,249,0.0,0
1,1,1,10046,386,1.0,1
0,0,0,6308,145,1.0,1
1,1,0,13728,559,1.0,1
1,1,1,9231,400,1.0,0
0,0,0,13131,113,1.0,1
0,0,1,2083,220,1.0,1
0,1,1,2010,495,1.0,1
0,0,1,8176,474,1.0,1
1,0,1,8171,290,1.0,1
1,1,1,10638,574,1.0,1
0,0,0,9195,432,1.0,1
1,1,0,4973,443,1.0,1
1,1,1,2698,265,1.0,1
0,0,0,12563,216,1.0,1
1,1,1,5495,530,0.0,1
1,0,0,13613,223,1.0,1
0,1,0,13865,153,1.0,0
1,0,1,6035,538,1.0,1
0,0,0,7371,403,1.0,1
1,0,0,4803,556,1.0,1
0,0,0,3947,555,1.0,1
1,0,1,12976,456,1.0,1
1,1,0,10908,370,1.0,0
0,1,0,9239,298,1.0,1
0,0,0,8344,315,1.0,1
0,1,0,2790,212,1.0,0
0,0,0,13913,115,0.0,1
1,0,0,7334,315,1.0,1
1,1,0,9049,526,1.0,1
1,1,0,8187,234,1.0,1
0,0,0,10193,142,1.0,0
1,0,1,12563,351,1.0,1
1,0,0,8928,383,0.0,1
0,0,0,1886,421,0.0,1
0,0,0,10103,197,0.0,1
1,0,0,3506,159,1.0,0
0,1,0,6713,329,0.0,1
1,0,1,3647,483,0.0,0
1,0,1,5368,230,0.0,1
0,1,1,11030,484,0.0,0
1,0,1,7537,258,1.0,1
0,0,0,8137,411,1.0,1
0,1,0,1852,570,1.0,0
1,0,0,6464,183,1.0,1
1,1,1,4688,307,0.0,0
1,0,1,2802,273,1.0,1
0,1,1,9249,387,0.0,1
1,1,1,2346,180,1.0,0
0,1,0,14890,117,1.0,0
0,0,0,9021,295,1.0,0
1,0,1,10217,390,1.0,0
0,1,0,4024,459,0.0,1
1,1,1,3378,455,0.0,1
1,0,1,5605,378,1.0,0
1,0,1,5130,562,0.0,1
1,0,1,9170,496,1.0,0
1,0,0,8167,561,1.0,1
1,0,0,13501,353,1.0,1
1,1,1,4319,241,1.0,1
0,0,1,7479,264,0.0,1
1,1,0,12599,104,0.0,1
0,0,0,12769,350,1.0,1
0,1,1,9577,249,1.0,0
0,1,1,13522,127,1.0,1
1,0,1,10750,336,1.0,1
0,1,1,3989,231,1.0,0
0,1,1,13340,405,1.0,0
1,1,0,14958,457,1.0,1
1,1,0,7188,384,1.0,0
0,0,1,4764,392,1.0,1
1,1,1,7523,262,1.0,0
1,0,1,13293,503,0.0,0
1,1,1,3793,518,0.0,1
1,0,0,2174,326,1.0,0
0,0,0,11570,567,1.0,0
1,0,1,7757,229,1.0,1
1,1,0,2511,471,1.0,1
1,0,1,10485,157,1.0,1
0,0,1,1732,245,0.0,1
0,1,0,4527,577,0.0,0
1,0,1,5109,461,1.0,1
1,1,0,3673,411,1.0,1
0,1,1,4884,221,1.0,0
1,0,1,14298,291,1.0,0
1,1,1,3828,344,1.0,0
0,1,1,2297,576,1.0,1
1,1,0,8621,202,1.0,1
1,0,1,5184,478,0.0,1
0,1,0,5987,535,1.0,1
0,1,0,9190,349,1.0,1
1,1,1,14169,121,1.0,0
0,0,0,4089,576,1.0,1
1,1,1,6201,159,1.0,1
1,0,0,13903,337,1.0,1
1,1,0,10200,493,0.0,0
0,0,1,9167,439,0.0,1
0,0,1,7914,483,0.0,1
1,0,0,2963,435,1.0,1
1,1,1,13054,233,1.0,1
0,1,1,4610,436,0.0,0
0,1,0,2547,361,1.0,1
0,0,0,6371,441,1.0,1
1,1,1,14854,437,1.0,0
0,1,0,6789,579,1.0,1
0,0,1,5935,511,0.0,1
1,1,1,9860,141,1.0,1
1,1,0,3061,173,1.0,1
1,0,1,9359,396,1.0,0
0,0,0,8305,418,0.0,1
1,1,1,9312,121,1.0,1
1,0,1,7786,319,0.0,1
1,1,1,9343,178,1.0,0
1,1,0,12864,334,0.0,0
0,1,0,2074,256,1.0,0
1,1,1,11434,426,1.0,1
0,1,0,14262,213,1.0,0
0,0,0,5516,389,0.0,1
0,0,1,12050,195,0.0,1
1,1,0,8727,229,0.0,0
0,0,0,5524,509,1.0,0
1,0,0,10222,208,1.0,0
1,1,1,2490,174,1.0,0
1,0,1,3620,572,1.0,0
0,0,0,6464,374,1.0,1
1,1,1,3941,480,0.0,1
1,1,0,7377,119,0.0,1
1,1,1,12220,260,0.0,1
0,1,0,4020,308,1.0,0
0,1,1,5908,471,1.0,0
0,1,0,11153,193,1.0,1
1,1,1,2451,181,1.0,0
0,0,0,14800,451,1.0,1
1,1,1,2464,203,0.0,0
1,0,1,3634,336,1.0,0
0,0,1,5954,359,1.0,1
1,1,0,10386,259,0.0,1
0,0,0,3744,502,0.0,1
1,0,0,4303,486,0.0,0
0,0,1,5411,585,1.0,1
1,1,0,12716,447,1.0,1
1,0,1,2908,160,1.0,1
1,0,1,6737,137,0.0,1
1,1,1,6093,217,1.0,0
1,0,0,14695,489,0.0,0
0,0,1,12670,411,0.0,1
1,0,0,9551,267,0.0,1
0,0,0,10153,476,1.0,1
0,0,1,9163,436,1.0,1
0,1,0,11309,461,0.0,1
1,0,1,8613,475,0.0,1
1,1,1,9642,168,0.0,1
1,0,0,7877,182,1.0,1
0,1,1,10108,334,1.0,1
1,1,1,7101,141,1.0,1
1,1,1,2888,198,1.0,1
0,0,0,7796,569,1.0,0
0,0,0,5867,571,1.0,1
0,0,0,14179,557,1.0,0
0,0,1,12286,229,1.0,0
0,0,1,14512,127,1.0,1
0,1,0,11438,332,1.0,1
1,1,0,13193,328,1.0,1
0,1,0,12551,216,1.0,1
1,0,0,5478,500,0.0,1
1,0,0,5990,425,0.0,1
1,1,1,14449,206,0.0,0
0,0,0,2352,478,1.0,1
1,0,1,12982,424,1.0,1
0,1,1,7877,394,0.0,0
0,1,1,11403,490,1.0,0
1,0,1,8001,259,1.0,1
0,0,0,12217,103,1.0,1
1,1,1,13338,248,1.0,1
1,0,0,9614,333,0.0,1
0,1,1,11722,353,0.0,0
1,1,0,9928,515,0.0,1
1,1,0,2556,347,0.0,1
1,0,1,3760,437,1.0,1
0,1,0,12118,452,1.0,1
1,1,1,10717,497,1.0,1
0,0,0,2408,169,1.0,0
0,1,1,1949,302,1.0,1
1,0,1,2068,401,0.0,1
1,0,0,4998,247,1.0,1
0,0,0,12552,320,1.0,0
0,1,1,12018,285,1.0,0
1,1,1,14001,454,1.0,0
1,0,0,7370,435,0.0,0
0,0,1,2808,147,0.0,0
0,0,1,2217,362,1.0,1
0,1,1,10661,395,0.0,1
0,0,0,4845,414,1.0,1
0,0,1,8714,391,0.0,1
1,0,1,9182,271,1.0,0
0,1,0,12177,463,0.0,1
0,0,1,13347,130,0.0,1
1,1,1,4218,269,1.0,1
1,1,1,10595,143,0.0,1
0,0,1,11142,526,0.0,1
0,0,0,2955,142,1.0,1
1,0,1,8797,530,0.0,1
0,1,1,8535,233,0.0,0
0,1,1,5730,448,1.0,1
1,1,1,2031,318,0.0,1
0,0,1,3767,590,1.0,0
1,1,0,1832,549,0.0,1
1,0,0,6749,185,1.0,0
1,0,1,8699,350,1.0,0
1,0,1,7221,364,0.0,0
0,1,0,11013,110,1.0,0
1,1,0,9512,179,1.0,1
0,1,0,9428,208,1.0,1
0,0,1,13744,560,1.0,1
0,1,1,11400,217,1.0,1
0,1,1,8000,351,1.0,1
0,0,1,13218,117,1.0,1
1,0,1,1900,355,1.0,0
1,1,1,8539,344,1.0,1
1,0,0,13322,252,1.0,1
1,1,0,12729,196,1.0,1
0,0,1,5491,599,1.0,0
1,0,1,11170,557,1.0,0
0,1,1,11606,285,1.0,1
0,0,0,2557,129,1.0,0
1,0,0,9433,214,1.0,1
1,0,0,4493,340,1.0,1
1,1,0,9733,356,1.0,1
1,0,1,14588,546,0.0,1
0,0,0,11862,452,1.0,0
0,1,0,1526,212,1.0,1
1,1,1,5033,434,1.0,1
0,0,1,4118,128,0.0,0
0,0,1,10862,421,1.0,0
0,0,0,8139,558,1.0,1
1,1,1,13390,536,0.0,1
0,0,0,8129,325,1.0,1
1,1,0,9127,343,1.0,1
1,1,0,8542,460,1.0,0
0,0,0,10402,118,1.0,1
0,0,1,12891,421,1.0,0
1,1,1,12115,211,1.0,1
0,0,0,3518,311,1.0,1
0,0,1,14452,332,0.0,0
1,1,0,6378,535,1.0,1
1,0,0,4398,258,1.0,1
1,1,1,7575,159,1.0,0
1,0,1,3547,472,0.0,1
0,1,0,6702,423,0.0,1
0,1,1,3058,192,1.0,1
1,0,0,13286,347,1.0,1
1,1,1,3222,257,0.0,0
1,1,0,5552,240,1.0,0
0,0,0,3151,498,1.0,1
1,0,1,6722,503,0.0,0
0,0,1,3278,517,1.0,1
1,1,0,2183,319,0.0,0
1,1,1,10971,503,1.0,0
1,1,1,11986,405,1.0,1
0,0,0,3510,188,1.0,0
0,1,0,10907,254,1.0,1
0,1,1,4082,513,1.0,1
1,0,1,11585,539,1.0,1
0,1,0,10005,332,1.0,0
0,0,0,8943,567,1.0,0
1,0,0,13686,292,1.0,1
1,0,0,6992,198,1.0,1
0,1,0,1943,538,1.0,1
0,1,0,3171,212,1.0,1
0,1,0,12608,206,1.0,1
0,0,0,4766,123,0.0,1
1,0,1,8925,380,1.0,1
1,0,1,7409,587,0.0,1
1,1,1,14369,536,1.0,1
0,1,0,8514,303,1.0,1
0,1,1,6979,110,1.0,0
1,1,0,14335,449,1.0,1
1,1,1,14919,415,0.0,1
0,0,0,12787,304,0.0,1
0,1,0,9319,530,1.0,1
1,0,1,14252,508,0.0,0
1,0,0,6641,599,0.0,1
1,1,1,11556,124,1.0,1
0,0,1,2215,500,1.0,0
0,1,1,2391,239,1.0,0
0,1,1,5307,222,1.0,0
0,0,1,2000,598,1.0,1
0,1,1,12474,535,1.0,1
0,1,1,4140,110,1.0,1
1,0,1,14194,365,1.0,1
1,0,1,11045,180,1.0,1
0,0,0,10394,543,1.0,0
1,0,0,3833,409,1.0,1
0,0,1,3694,208,1.0,0
1,0,0,8437,307,1.0,0
0,1,0,11701,418,0.0,0
1,1,1,10075,343,0.0,1
1,1,1,11750,375,1.0,1
0,0,0,12015,596,1.0,0
0,1,1,10577,360,1.0,1
1,0,1,3091,396,1.0,1
1,1,1,6559,473,1.0,1
0,0,0,5898,162,1.0,0
1,1,1,11943,283,1.0,1
0,0,0,5940,131,1.0,1
0,0,1,3283,382,0.0,0
1,0,1,14613,423,1.0,0
0,0,0,6885,460,1.0,1
1,1,1,5617,531,1.0,1
1,1,0,8482,106,1.0,1
0,0,0,4083,273,1.0,1
1,0,1,11421,561,0.0,0
0,0,1,14907,458,1.0,0
0,1,0,9954,571,1.0,0
0,0,0,12323,467,1.0,1
1,0,1,13518,245,1.0,0
0,1,1,3930,351,1.0,0
1,0,1,7169,265,1.0,0
0,0,1,8560,202,1.0,0
0,1,1,10083,598,1.0,0
0,0,0,4436,587,0.0,1
1,0,0,13364,292,0.0,0
1,1,0,10231,116,1.0,1
0,0,0,10807,189,1.0,1
0,1,1,8209,470,1.0,0
1,0,0,14970,185,0.0,1
1,0,1,10575,202,1.0,1
1,0,1,5823,181,1.0,0
0,0,1,8116,225,1.0,0
1,0,1,3919,137,1.0,0
0,1,1,2899,447,1.0,0
1,0,0,11268,312,1.0,0
0,0,1,3584,418,1.0,0
0,1,1,9304,585,0.0,1
0,1,1,14478,324,1.0,1
1,0,0,8487,321,1.0,1
1,1,1,6656,525,1.0,1
1,0,1,6809,346,0.0,0
0,1,1,3035,235,1.0,1
0,1,0,6253,385,0.0,0
1,0,1,9781,330,1.0,1
0,1,0,8548,419,1.0,1
0,0,0,14950,108,0.0,1
0,1,1,5690,324,0.0,0
1,1,0,3154,412,0.0,1
0,1,0,11593,206,1.0,1
1,0,1,12371,286,1.0,0
1,0,1,9053,320,1.0,1
1,1,1,11862,194,0.0,1
1,0,1,8952,294,0.0,1
1,0,0,10057,341,1.0,1
0,0,0,5460,329,1.0,0
1,1,1,8334,430,0.0,1
1,0,1,12064,104,1.0,0
1,1,1,6591,450,1.0,1
0,1,0,2018,567,0.0,0
0,1,1,14683,103,1.0,1
0,1,0,5210,363,1.0,1
0,1,0,2329,525,0.0,1
1,0,0,12325,352,1.0,1
1,0,0,8127,262,1.0,0
0,1,1,9962,240,1.0,1
0,0,1,9488,596,1.0,1
0,0,1,4486,488,1.0,1
0,0,0,13230,395,1.0,0
1,0,0,14256,118,0.0,0
0,0,1,8275,181,1.0,0
0,0,0,8190,580,0.0,1
0,0,0,6314,480,1.0,1
0,1,0,10699,103,1.0,1
0,1,1,12009,227,1.0,0
0,1,1,10296,286,0.0,0
0,0,1,14165,245,0.0,1
1,0,0,1676,593,1.0,1
1,1,1,12013,251,1.0,1
1,0,1,11406,462,0.0,0
1,0,1,10328,192,1.0,0
1,1,0,7670,130,1.0,1
1,1,0,4123,413,1.0,0
0,1,0,13847,127,1.0,0
0,0,0,4278,236,1.0,1
1,0,0,5252,528,1.0,1
0,0,1,10352,189,0.0,1
1,1,1,5865,148,1.0,1
0,1,0,12879,466,1.0,1
0,0,0,5840,357,1.0,1
0,1,1,6255,105,1.0,1
0,1,0,9776,128,1.0,1
0,0,0,5170,509,1.0,1
0,1,0,10598,255,1.0,1
1,1,0,5021,362,0.0,1
1,1,0,3375,133,1.0,1
0,0,1,5458,539,1.0,1
1,0,1,3636,336,1.0,1
0,1,0,12288,237,1.0,1
1,0,0,10545,467,1.0,0
0,0,1,2006,588,1.0,1
1,0,0,10099,587,1.0,1
0,1,1,6890,156,1.0,0
1,0,0,10215,274,0.0,1
0,1,1,7113,313,0.0,1
1,1,1,8250,126,1.0,1
0,0,0,4550,394,1.0,1
0,1,0,8592,505,1.0,1
0,0,1,3897,218,1.0,1
1,0,0,9412,246,1.0,0
1,1,1,12591,455,1.0,1
1,1,0,10019,364,0.0,0
0,0,0,11527,502,1.0,0
1,0,0,2809,357,1.0,0
0,0,1,8702,447,1.0,1
1,0,1,9200,288,1.0,1
1,1,0,6218,414,1.0,0
1,1,1,12227,330,1.0,1
1,1,0,7450,569,1.0,1
0,0,1,11733,598,0.0,1
1,1,0,12226,297,0.0,1
1,1,1,11884,338,0.0,1
0,1,1,2255,426,1.0,1
0,1,1,1645,169,1.0,1
1,0,1,6616,516,1.0,1
1,1,1,13514,351,1.0,0
0,1,1,5074,561,0.0,1
0,1,0,11319,292,1.0,1
0,1,0,6423,124,0.0,1
1,0,1,3358,169,1.0,0
1,0,0,6222,255,1.0,1
1,1,1,5098,245,1.0,1
0,0,0,2129,418,1.0,1
0,0,0,12858,318,1.0,1
0,0,0,5018,148,0.0,1
1,0,0,8058,478,1.0,0
0,1,1,5852,479,1.0,1
1,0,0,13606,293,0.0,1
0,0,0,8929,139,1.0,1
1,1,0,10596,184,1.0,1
1,1,1,7055,442,1.0,0
0,1,0,9497,549,1.0,0
1,1,1,12309,435,1.0,1
0,0,1,12481,103,0.0,0
1,1,0,1607,389,0.0,1
0,0,1,10734,346,0.0,1
0,0,0,11080,104,1.0,1
1,1,0,11368,596,1.0,1
0,1,0,6998,325,1.0,1
1,0,0,5755,249,1.0,0
0,0,0,5695,337,1.0,1
0,1,0,9956,247,0.0,1
0,1,0,5321,202,1.0,0
0,1,1,12489,274,1.0,1
1,0,1,12812,597,1.0,0
0,0,0,2176,560,1.0,1
0,1,0,14586,335,1.0,1
1,0,1,13178,133,1.0,0
1,1,0,6678,271,1.0,0
1,0,1,12398,105,1.0,1
1,0,1,7066,539,1.0,1
1,1,0,5469,384,1.0,1
1,1,0,6920,324,0.0,1
0,1,1,2107,152,1.0,0
1,0,1,7174,356,1.0,1
0,0,0,13117,594,1.0,1
1,1,0,7388,158,1.0,0
0,0,1,6832,531,1.0,0
0,1,1,8856,345,1.0,1
0,0,1,8286,106,1.0,1
1,1,0,3894,313,1.0,1
1,0,0,12551,515,0.0,0
1,0,0,9570,177,1.0,1
1,0,1,14588,288,1.0,1
0,0,1,10852,540,1.0,1
1,1,0,6649,406,0.0,1
0,0,1,7789,315,1.0,1
0,1,1,11539,502,1.0,1
1,1,1,13749,382,1.0,1
1,1,1,11183,418,1.0,1
1,1,1,3521,543,1.0,0
0,0,0,9284,160,1.0,1
1,1,0,6098,160,1.0,1
0,0,0,4515,314,1.0,1
1,0,0,6810,481,1.0,1
0,0,0,14258,144,1.0,1
1,0,1,12429,504,0.0,1
1,1,1,3548,271,1.0,1
0,0,1,13897,320,1.0,1
1,1,0,7469,484,1.0,1
1,0,1,13646,194,0.0,0
1,0,1,2393,446,1.0,1
1,1,1,10779,143,0.0,1
1,0,0,14543,327,1.0,0
1,0,1,13840,161,1.0,0
1,0,1,12001,416,1.0,1
0,0,0,13292,318,1.0,1
0,0,0,7587,434,1.0,1
1,1,1,4433,188,0.0,1
1,0,0,3781,211,1.0,1
1,0,1,9764,306,1.0,1
0,1,0,2880,587,1.0,1
0,0,1,14738,566,1.0,1
1,1,1,1983,466,1.0,0
0,0,0,10721,405,1.0,1
1,0,0,13473,302,0.0,1
1,1,0,14664,396,1.0,0
1,0,0,5279,132,0.0,1
1,0,1,7601,588,1.0,0
0,1,0,11523,314,1.0,0
0,1,1,6454,111,1.0,1
1,0,1,11712,101,1.0,1
0,1,1,7453,462,1.0,1
0,0,0,7780,248,1.0,0
1,1,1,2278,241,1.0,0
0,0,1,4975,389,0.0,1
1,1,0,6223,306,1.0,1
1,1,1,8386,440,0.0,1
1,1,1,8213,291,1.0,1
1,1,1,12969,506,0.0,0
0,1,0,10101,440,0.0,0
1,1,1,2559,405,1.0,1
0,1,1,7873,497,1.0,1
1,1,1,8894,568,1.0,1
1,1,0,3809,351,1.0,1
0,0,0,14942,303,0.0,0
1,1,0,3100,461,1.0,0
0,0,1,14679,145,1.0,1
0,1,1,14235,473,0.0,1
1,0,1,3733,594,1.0,0
1,0,1,11344,360,1.0,1
1,1,1,8853,165,1.0,1
1,1,0,10989,249,1.0,1
1,0,1,1851,169,1.0,1
1,0,1,12914,463,1.0,1
0,1,0,12123,101,1.0,1
0,1,0,7969,128,1.0,1
1,1,1,10156,355,1.0,1
0,0,0,12205,160,1.0,0
0,1,0,4666,199,1.0,1
1,1,0,6753,483,1.0,1
1,1,1,3709,554,0.0,1
0,1,0,10247,243,1.0,1
1,1,1,1799,291,1.0,0
0,0,0,5366,452,1.0,1
1,0,1,10047,452,1.0,1
0,1,1,2063,369,0.0,1
0,1,1,13701,398,1.0,0
0,0,0,6388,559,0.0,1
0,1,0,10714,526,1.0,0
1,0,0,2690,425,1.0,0
1,1,1,4710,410,1.0,0
0,0,0,11596,303,1.0,0
0,0,0,7878,344,1.0,1
1,1,1,11728,130,1.0,1
1,0,0,10718,431,1.0,1
0,1,1,9947,557,0.0,1
0,0,0,3918,523,0.0,1
0,1,1,4063,510,1.0,0
0,1,1,4451,151,1.0,0
0,1,0,8883,483,1.0,1
1,0,1,1769,342,1.0,1
0,1,0,8119,362,1.0,0
1,1,0,7147,273,1.0,0
1,1,0,10619,199,0.0,1
1,0,0,9755,516,0.0,1
0,1,1,6055,574,0.0,1
1,0,1,14827,491,0.0,1
1,0,1,2542,488,1.0,1
1,0,0,6944,160,1.0,0
1,1,0,6503,555,0.0,1
0,1,1,5688,459,1.0,0
0,0,1,14560,287,1.0,0
1,1,0,10501,568,1.0,1
1,1,0,11733,507,1.0,1
0,0,0,4588,106,0.0,1
0,0,1,3146,288,0.0,1
0,1,0,14627,182,1.0,1
1,0,1,1987,450,1.0,1
0,1,0,4581,519,1.0,0
1,0,1,3247,382,1.0,1
1,1,0,10440,223,1.0,1
0,1,1,13529,256,0.0,1
1,0,1,2027,186,1.0,0
0,1,1,2667,247,0.0,1
1,1,0,14341,169,1.0,0
0,0,1,6110,559,1.0,1
1,1,1,13233,469,1.0,0
1,1,0,5972,175,1.0,1
0,1,1,13431,213,1.0,1
0,0,1,9161,102,0.0,0
0,0,0,7304,333,1.0,0
0,0,1,1983,266,1.0,0
1,0,0,1951,198,1.0,1
0,0,1,5569,223,1.0,1
0,1,0,7155,566,1.0,1
1,1,1,14886,144,0.0,0
0,1,1,8707,481,1.0,1
0,0,1,5897,423,1.0,0
1,1,0,7171,386,1.0,1
0,0,1,4633,205,1.0,1
0,1,1,3273,393,1.0,1
0,0,0,7122,580,0.0,1
0,1,0,10690,233,1.0,1
0,1,0,8912,107,1.0,0
0,0,1,3565,127,1.0,1
1,1,1,10089,370,1.0,1
0,1,1,14794,322,1.0,0
1,0,0,7832,107,1.0,1
1,1,0,9413,409,1.0,1
1,1,1,11495,233,1.0,0
1,0,1,11843,128,1.0,0
0,0,0,3446,214,1.0,0
0,0,0,13409,593,1.0,0
0,0,0,4915,133,1.0,1
1,0,1,2894,106,1.0,1
0,1,0,13820,139,1.0,0
0,0,0,3921,429,1.0,0
0,0,0,5419,496,1.0,1
1,1,0,8845,161,1.0,0
1,1,1,4583,185,1.0,0
0,1,0,9530,312,0.0,1
1,1,1,9620,215,1.0,0
1,1,1,12480,164,1.0,1
0,0,0,3344,396,1.0,1
1,1,0,3304,478,0.0,1
1,0,1,10581,269,1.0,0
0,1,0,4003,215,1.0,1
1,0,1,3393,421,1.0,0
1,1,0,3166,215,0.0,0
1,0,1,5844,320,1.0,1
1,0,1,8091,494,1.0,0
1,0,1,4565,456,1.0,0
1,0,0,6575,149,1.0,1
1,0,1,13333,426,0.0,1
1,0,1,4575,518,1.0,1
0,0,0,2759,577,1.0,1
0,0,0,3720,435,1.0,0
0,0,1,6941,178,1.0,0
0,0,1,12110,587,1.0,1
1,1,0,12530,119,1.0,0
0,0,1,12488,511,1.0,1
0,0,0,10478,478,1.0,1
1,1,0,13059,136,1.0,0
1,0,0,6435,358,1.0,1
1,0,1,3947,192,1.0,1
1,1,0,4629,286,1.0,0
1,1,1,3398,456,0.0,1
0,0,1,9197,300,1.0,0
1,1,0,8191,510,1.0,1
0,0,0,6003,387,0.0,1
0,0,0,13276,147,1.0,1
1,0,0,13851,352,0.0,1
0,1,1,5449,145,1.0,0
0,0,1,12159,469,0.0,1
1,0,0,9510,330,1.0,1
0,1,1,11885,194,0.0,0
0,0,0,8939,402,0.0,1
0,0,1,1516,317,1.0,0
1,0,1,9459,139,1.0,0
1,0,1,7741,486,0.0,1
1,0,0,9406,302,1.0,0
0,0,1,4522,215,1.0,0
1,1,1,14685,512,0.0,0
0,0,1,14803,190,1.0,1
1,0,1,2766,157,0.0,0
0,1,0,1978,533,1.0,1
1,0,1,5796,594,0.0,1
1,0,0,5477,109,1.0,1
0,1,0,7568,355,1.0,1
1,1,1,13236,416,0.0,0
0,1,1,5774,348,1.0,1
1,1,0,14240,582,1.0,0
1,1,0,7913,466,0.0,1
0,1,0,9291,476,1.0,1
0,1,1,1985,416,1.0,0
0,0,1,13780,506,1.0,1
1,0,0,6173,105,1.0,1
0,0,0,1837,430,1.0,1
1,1,0,10552,287,1.0,1
0,0,1,8400,334,0.0,1
0,1,1,3503,470,1.0,0
0,0,0,2971,510,1.0,1
0,0,1,8227,282,1.0,0
0,0,0,3542,386,1.0,1
0,0,1,13120,222,1.0,1
1,1,0,12812,257,0.0,0
0,1,1,3019,422,0.0,1
1,0,1,7989,112,1.0,0
0,1,1,10393,414,1.0,0
0,1,1,5888,153,1.0,1
0,0,1,9356,459,0.0,1
1,1,1,13727,376,1.0,1
1,1,1,13436,142,0.0,1
0,1,0,10865,366,0.0,1
1,1,0,3105,208,0.0,0
0,0,0,7164,422,1.0,1
0,0,1,8439,265,1.0,1
1,1,1,11571,450,1.0,0
1,0,1,6617,507,1.0,1
1,0,0,6879,205,1.0,1
1,0,0,13085,150,1.0,1
0,1,0,3624,303,1.0,1
1,1,0,14921,544,1.0,1
1,0,0,6491,401,1.0,1
0,0,0,8294,142,1.0,0
1,1,1,14334,382,1.0,1
1,0,0,2946,184,1.0,0
1,1,1,4806,316,0.0,1
1,0,0,13093,257,1.0,1
0,1,0,13475,449,0.0,1
0,1,1,3872,226,1.0,1
1,1,1,1650,290,0.0,1
1,1,1,3159,365,0.0,1
0,0,0,7639,486,1.0,1
1,1,0,10570,560,1.0,0
1,0,1,8699,159,1.0,0
1,1,0,3819,382,1.0,1
1,1,1,4383,565,1.0,0
1,0,0,9303,478,0.0,1
1,0,0,13687,528,1.0,1
1,0,0,12107,161,0.0,1
1,1,1,3015,507,1.0,1
1,1,0,13079,401,1.0,1
0,0,1,2089,225,1.0,0
0,1,1,2087,561,1.0,1
0,0,1,4119,586,0.0,1
1,1,1,6987,271,1.0,1
1,1,1,7723,162,0.0,1
0,1,1,10887,359,0.0,0
1,0,1,5853,115,1.0,1
0,1,1,12018,278,1.0,1
1,0,1,4105,429,0.0,0
0,0,0,4038,467,1.0,1
0,1,1,10257,200,1.0,1
0,0,0,3256,574,1.0,0
1,0,1,13767,275,0.0,1
0,1,0,2860,292,1.0,0
1,0,0,12260,552,0.0,1
1,0,0,3873,560,0.0,1
1,1,0,2695,400,1.0,1
1,1,0,3631,486,1.0,0
1,1,0,9509,372,1.0,1
1,0,1,12580,566,1.0,0
1,0,1,7143,520,1.0,1
0,1,1,11259,360,1.0,0
0,0,1,4910,274,0.0,0
0,1,1,3867,333,1.0,1
1,1,1,4843,399,0.0,1
1,1,0,8781,315,1.0,0
1,0,1,4597,590,0.0,1
1,0,0,10952,516,1.0,1
0,1,0,2833,346,0.0,1
1,1,0,14020,120,1.0,1
0,0,0,8665,550,1.0,1
1,1,0,14336,423,1.0,1
0,0,0,4836,342,1.0,1
1,1,1,9657,387,1.0,1
0,1,0,4584,379,0.0,0
1,0,0,4887,343,1.0,1
0,0,1,6213,262,1.0,1
1,0,1,9305,245,1.0,1
0,0,1,6601,166,0.0,1
0,0,1,3931,202,1.0,0
1,1,1,2516,409,1.0,1
0,1,1,2141,509,1.0,0
1,0,1,5562,543,0.0,1
1,0,0,10007,224,1.0,1
1,1,1,11995,216,1.0,0
0,1,0,1940,571,1.0,1
0,0,1,2638,350,1.0,1
1,0,1,10606,420,1.0,1
1,1,0,6743,534,1.0,1
0,0,1,3803,469,1.0,1
0,1,1,13834,325,1.0,1
0,1,1,7450,287,1.0,1
1,0,1,8546,286,1.0,0
1,1,1,8106,175,1.0,0
1,1,1,4921,372,1.0,0
1,1,1,14934,568,1.0,1
1,0,0,3578,248,1.0,1
0,1,1,7603,294,0.0,1
1,0,0,5650,463,1.0,0
0,1,0,3700,383,1.0,1
0,1,0,6051,572,1.0,1
1,1,0,7929,143,1.0,1
0,1,0,9727,553,0.0,1
1,1,0,10509,545,0.0,0
0,0,0,3446,269,1.0,0
1,0,1,5456,193,1.0,0
1,1,1,14043,323,1.0,1
0,0,1,3725,377,1.0,1
1,0,0,9215,137,0.0,1
0,1,1,4825,369,1.0,1
1,0,0,10199,581,1.0,0
1,0,0,5245,334,1.0,1
1,0,1,13808,210,0.0,0
0,0,0,13569,477,1.0,0
0,1,0,9660,509,1.0,1
1,0,1,6314,267,1.0,1
0,1,0,10151,153,1.0,1
1,1,1,7603,496,1.0,1
0,0,0,14989,226,1.0,1
0,1,0,2905,577,1.0,1
1,0,1,13787,374,1.0,1
1,1,1,14848,141,1.0,1
1,0,1,7590,140,1.0,0
1,0,0,8787,149,0.0,1
1,1,0,3536,586,1.0,1
0,0,1,7534,486,1.0,1
0,0,1,4177,258,1.0,1
1,0,1,7644,431,1.0,0
1,0,0,3244,498,1.0,0
1,1,0,12675,281,1.0,1
0,1,1,12050,280,0.0,1
1,1,1,10923,528,0.0,1
1,0,1,2677,265,1.0,1
0,1,0,2261,331,1.0,0
0,0,1,6278,305,1.0,0
0,0,1,7958,454,1.0,0
0,0,1,12046,563,1.0,0
1,1,0,7123,149,1.0,1
0,1,0,6214,507,1.0,1
0,1,1,5226,500,1.0,1
1,1,0,11235,245,1.0,1
1,0,1,13369,397,0.0,1
1,1,1,3433,244,1.0,1
0,1,1,12860,115,0.0,1
1,1,1,5061,184,1.0,1
0,1,0,13794,315,1.0,1
0,0,1,13549,581,1.0,0
0,1,1,8679,151,0.0,0
1,1,0,13709,135,1.0,1
0,1,1,5944,206,1.0,1
1,0,0,4464,318,0.0,0
1,1,1,10722,522,1.0,1
1,1,1,12239,436,0.0,1
0,1,1,12214,508,0.0,1
0,0,1,14311,470,1.0,0
0,0,0,11567,585,0.0,0
1,1,1,8724,397,1.0,0
0,1,0,10281,353,0.0,1
0,0,0,11972,504,1.0,1
0,0,0,4601,167,1.0,1
0,0,1,12106,572,0.0,1
0,0,0,5397,286,1.0,1
1,0,0,5178,223,1.0,1
1,1,0,3343,129,1.0,1
1,1,1,13843,284,1.0,0
1,1,1,3438,388,0.0,1
0,1,0,11886,458,1.0,0
1,0,0,14151,573,0.0,1
0,0,1,9944,572,1.0,1
1,0,0,9366,152,0.0,1
1,0,0,8583,499,0.0,0
1,0,0,6872,276,1.0,1
0,1,1,2966,571,0.0,1
0,1,0,2235,232,1.0,1
1,1,0,1839,461,0.0,1
0,1,1,13279,586,1.0,1
1,1,0,2876,176,1.0,1
1,0,1,6219,449,1.0,1
1,0,1,2204,159,1.0,0
0,0,1,5224,554,1.0,1
1,0,0,9689,466,1.0,1
1,0,0,5918,564,1.0,1
1,1,0,6759,410,1.0,0
0,1,0,12600,190,1.0,0
1,1,0,11666,518,1.0,1
0,0,0,11160,552,1.0,1
1,0,0,11834,397,1.0,1
0,0,0,2052,424,0.0,0
1,0,1,4991,379,1.0,0
1,1,0,2289,298,1.0,0
0,0,0,2673,554,1.0,1
0,1,1,2052,217,1.0,1
1,0,0,4922,282,0.0,1
0,1,1,5711,497,1.0,1
1,0,0,10323,154,1.0,1
1,0,0,1769,370,1.0,1
1,1,1,2360,104,1.0,1
0,1,1,1790,200,1.0,0
1,0,0,11149,487,1.0,0
0,1,1,7370,385,1.0,1
1,0,0,2129,567,1.0,0
0,0,0,8507,152,1.0,1
0,1,0,7443,317,1.0,1
1,0,0,1974,428,1.0,1
0,0,0,6132,385,1.0,0
1,1,0,5580,591,1.0,1
1,0,1,14472,339,0.0,1
1,0,1,3260,313,1.0,1
1,0,1,12774,203,0.0,1
1,0,0,6208,460,1.0,0
0,1,1,8420,463,1.0,0
1,1,0,13666,321,1.0,0
0,1,1,4898,439,1.0,0
0,0,0,12015,447,1.0,1
1,1,0,5061,288,1.0,1
0,1,0,12084,426,1.0,0
1,1,0,5344,423,0.0,1
0,0,0,12107,575,0.0,1
0,1,1,5304,410,1.0,0
0,1,0,14518,198,1.0,1
1,0,1,11316,196,1.0,1
0,0,0,3008,426,0.0,1
1,0,0,5610,172,1.0,0
0,0,0,6353,581,1.0,0
0,0,1,8331,355,1.0,1
0,0,0,9695,330,1.0,0
0,1,1,4947,269,0.0,1
1,1,0,7084,581,1.0,1
1,0,1,12272,432,1.0,1
0,0,1,5291,256,1.0,1
0,1,1,6581,518,1.0,1
1,0,0,10852,528,0.0,1
1,0,0,2333,557,0.0,1
1,1,1,11690,321,1.0,1
1,0,0,6835,463,1.0,1
0,0,0,6987,445,1.0,1
0,1,0,7760,198,1.0,1
1,1,1,10894,319,1.0,1
1,1,1,3675,512,1.0,1
1,1,0,11073,343,1.0,1
1,1,1,5673,553,1.0,1
1,0,0,4288,358,1.0,1
1,0,0,8960,576,1.0,1
0,0,1,12513,540,1.0,0
0,0,1,13869,293,1.0,1
0,0,0,10033,474,1.0,1
1,1,0,11053,249,1.0,1
1,0,0,8221,593,0.0,0
1,0,1,5691,466,0.0,0
0,0,1,8812,597,0.0,1
1,0,0,9687,254,1.0,1
1,0,0,6116,598,1.0,1
0,1,1,2495,121,1.0,1
1,0,0,1856,557,1.0,1
0,0,1,9877,215,1.0,0
0,0,1,3193,212,0.0,0
1,0,0,4090,532,1.0,1
0,0,0,11034,310,1.0,1
1,0,1,9421,123,0.0,1
0,1,0,3191,382,1.0,1
1,0,1,10774,391,1.0,0
0,1,1,3557,462,0.0,1
1,1,1,4404,500,1.0,1
0,0,0,12887,155,1.0,1
0,0,0,5951,365,1.0,1
0,0,0,13109,153,1.0,1
1,1,1,8437,436,1.0,0
1,0,1,3880,207,1.0,1
0,0,1,9708,301,1.0,1
1,0,1,10015,301,1.0,0
0,1,0,3570,521,0.0,0
1,1,0,2430,436,1.0,1
0,0,0,14246,482,0.0,1
1,1,1,14344,573,1.0,1
0,0,1,2944,317,0.0,1
0,1,0,13728,342,1.0,1
0,0,1,10094,453,1.0,0
0,1,0,4902,487,0.0,1
1,0,1,6052,277,0.0,1
0,0,1,11198,574,0.0,1
1,1,1,3021,160,1.0,1
1,1,1,4598,504,1.0,0
0,1,1,12136,135,1.0,1
1,1,0,9620,457,1.0,1
1,1,0,8855,145,1.0,1
1,0,0,3687,194,1.0,1
0,0,1,4068,426,0.0,1
1,1,0,12485,143,0.0,1
1,0,0,9783,419,0.0,1
0,0,1,6447,325,1.0,1
0,1,1,6440,245,1.0,1
1,0,0,6262,571,1.0,1
0,0,0,3253,368,1.0,0
1,1,0,6554,112,1.0,1
1,1,0,14776,124,1.0,1
1,0,0,6392,360,0.0,1
0,1,1,7281,227,0.0,1
1,0,0,1587,138,0.0,1
0,1,0,3141,256,1.0,0
0,1,0,4462,463,1.0,1
1,1,0,6913,284,0.0,0
0,1,0,11834,273,1.0,0
0,0,0,8920,516,0.0,0
0,1,1,10242,571,0.0,1
0,1,1,12138,493,1.0,1
0,0,1,8410,285,0.0,1
1,0,0,6673,380,1.0,1
0,0,0,11643,588,1.0,0
1,0,1,11982,173,1.0,1
1,1,0,6729,394,1.0,1
1,0,0,13529,115,1.0,0
1,1,0,10315,287,1.0,1
1,0,1,5257,511,1.0,0
1,1,1,6296,559,0.0,1
0,0,1,4792,271,1.0,1
0,1,0,5332,285,1.0,0
0,1,1,4111,131,1.0,1
1,0,1,9853,162,0.0,1
0,1,1,11684,598,1.0,1
0,1,0,11774,448,0.0,1
0,1,1,12705,400,1.0,1
1,1,1,9728,408,1.0,1
0,0,0,10537,288,1.0,1
1,1,1,12568,405,1.0,1
0,1,0,8266,510,1.0,0
1,0,0,9037,125,1.0,1
1,0,1,6796,486,1.0,1
1,0,1,4846,445,1.0,1
0,1,1,5554,138,1.0,0
0,1,0,5700,292,0.0,1
1,0,1,10027,262,0.0,0
0,1,1,12789,152,1.0,1
1,0,1,12035,574,1.0,0
1,1,0,3060,273,1.0,0
0,0,0,9022,295,0.0,0
0,1,0,14673,310,1.0,1
0,0,1,5664,377,1.0,1
1,1,1,13938,287,1.0,1
1,0,0,8220,489,1.0,1
0,1,1,10353,407,1.0,1
1,1,1,6939,556,1.0,1
0,1,0,6352,430,1.0,1
1,0,0,8095,313,1.0,1
0,1,0,8213,594,0.0,1
0,1,1,13431,428,1.0,1
1,1,1,4683,128,1.0,1
0,0,1,11177,270,1.0,1
0,1,0,9532,221,1.0,1
1,0,0,3909,557,1.0,0
0,1,1,5798,517,1.0,0
1,0,0,4034,258,1.0,1
0,0,0,7099,185,1.0,1
1,1,1,1503,401,1.0,0
0,0,0,14940,103,1.0,0
0,0,1,12789,101,1.0,1
0,1,0,12540,232,1.0,1
0,0,1,14764,401,1.0,1
1,0,0,1526,178,1.0,1
1,0,1,6661,246,1.0,0
1,0,0,2464,265,1.0,1
1,1,0,7707,414,1.0,0
1,0,0,4596,562,0.0,1
1,0,0,1571,337,1.0,1
1,1,0,7101,427,1.0,1
0,1,1,4447,375,1.0,1
0,0,1,12007,303,0.0,1
0,1,1,13589,551,1.0,1
0,1,0,7738,152,1.0,1
1,1,1,5990,585,0.0,1
1,1,0,14656,206,0.0,1
1,1,0,3911,154,0.0,0
0,1,1,9808,345,1.0,1
1,1,1,11903,522,1.0,1
0,1,0,4424,476,1.0,1
1,1,0,4337,263,1.0,1
1,0,1,2076,541,1.0,0
1,0,1,10463,114,0.0,1
1,0,0,9407,100,0.0,1
0,0,0,9891,450,1.0,1
0,0,1,3255,236,1.0,1
1,1,0,9871,250,1.0,1
0,1,0,3905,279,1.0,0
1,0,1,8383,509,0.0,1
1,0,1,9663,331,1.0,1
1,1,0,13015,591,1.0,1
1,0,0,7639,586,1.0,1
0,1,1,14440,287,0.0,0
1,0,0,14465,117,1.0,0
1,1,1,11993,324,1.0,1
0,0,0,4488,204,1.0,1
1,1,1,7284,586,0.0,1
0,0,0,11294,305,1.0,0
1,0,0,2619,285,1.0,1
1,1,0,3714,164,1.0,1
1,1,1,9500,432,1.0,0
1,0,1,9565,471,1.0,0
1,0,1,14752,306,1.0,1
1,1,0,11603,328,0.0,0
0,1,0,4401,168,0.0,1
1,1,1,2585,241,1.0,1
0,0,1,1673,305,1.0,0
0,0,0,5032,273,0.0,1
1,1,0,14411,296,1.0,0
0,0,0,2738,430,1.0,0
1,0,0,13002,515,1.0,0
0,1,1,6334,406,0.0,0
1,0,1,5313,296,1.0,1
0,1,0,13508,327,1.0,1
0,1,0,14462,370,1.0,1
1,0,0,8584,536,1.0,0
0,0,1,9512,298,1.0,1
1,1,1,3473,424,0.0,0
1,1,0,5282,577,0.0,0
1,1,0,3744,114,1.0,1
1,0,0,11349,385,1.0,1
1,1,0,10104,433,1.0,1
0,1,0,8721,507,1.0,1
0,1,0,9314,315,1.0,0
0,1,1,13102,134,0.0,1
1,0,1,13784,168,1.0,0
0,0,1,2882,495,1.0,1
0,1,0,2623,311,1.0,1
0,0,0,14021,145,1.0,1
0,0,0,6681,481,1.0,0
0,0,1,5512,552,1.0,1
1,1,0,3743,347,1.0,0
1,0,1,4089,519,1.0,1
0,0,0,11470,184,0.0,1
1,1,0,2629,147,1.0,1
1,1,0,10336,330,1.0,1
0,0,1,13214,166,0.0,1
0,0,1,11249,576,1.0,1
1,1,1,7799,537,1.0,1
0,1,0,6001,188,1.0,1
1,1,1,8539,318,1.0,1
1,1,0,4273,519,1.0,1
0,0,0,4285,151,0.0,0
1,1,1,8440,121,1.0,1
1,0,1,3206,521,1.0,1
1,0,0,4101,198,1.0,0
0,0,0,13335,545,1.0,1
0,1,0,10066,548,1.0,1
0,1,0,3112,230,1.0,1
0,0,1,1954,187,1.0,0
1,0,1,5797,235,1.0,1
0,0,1,2975,595,1.0,1
0,0,0,10545,473,1.0,1
0,0,0,10415,138,1.0,1
0,1,0,2891,117,1.0,0
1,1,1,12079,204,1.0,0
1,1,0,9953,486,1.0,1
1,0,0,9508,245,1.0,1
0,0,1,10234,435,1.0,1
0,1,1,10242,323,0.0,0
1,1,0,6925,216,0.0,1
0,0,1,13489,100,1.0,0
0,1,0,2137,216,1.0,1
1,1,1,9856,483,0.0,0
1,1,0,4305,125,1.0,1
0,0,1,10312,535,1.0,1
0,0,1,2723,595,0.0,1
0,1,1,4842,111,1.0,0
1,0,1,9742,393,1.0,1
1,1,0,1988,440,1.0,1
1,1,0,6642,268,1.0,0
1,0,1,10356,152,0.0,0
0,0,0,2746,368,1.0,0
1,0,1,7561,347,1.0,1
1,1,1,4210,227,1.0,0
0,1,0,5861,175,1.0,1
0,1,0,13860,368,1.0,0
0,0,0,5452,245,1.0,0
1,1,0,12283,502,1.0,1
0,1,0,2380,502,0.0,1
0,1,0,1934,598,1.0,1
1,1,0,7624,553,1.0,0
1,0,1,9604,147,1.0,1
0,0,0,6684,298,1.0,1
1,0,1,3484,170,1.0,0
0,1,0,14144,511,1.0,1
0,1,0,14723,191,1.0,0
1,1,1,13805,502,1.0,1
0,0,1,13562,563,1.0,1
1,0,1,12314,308,1.0,0
1,0,1,11484,441,1.0,1
1,0,0,4298,438,0.0,1
0,0,0,9103,147,0.0,0
1,1,1,14783,128,1.0,1
1,0,1,13204,275,0.0,1
0,0,0,14820,118,1.0,1
0,0,0,2993,594,0.0,0
0,1,1,4179,454,1.0,1
0,0,0,3125,146,1.0,1
1,0,0,12111,444,0.0,0
1,0,1,4517,159,0.0,1
1,1,1,3347,275,1.0,1
0,1,1,4746,354,1.0,1
0,0,1,11230,503,0.0,0
1,0,0,14941,328,1.0,1
0,0,1,2816,246,1.0,1
0,0,0,11411,397,1.0,0
1,1,0,3450,432,0.0,1
1,0,0,1723,338,0.0,1
0,1,0,3526,431,0.0,1
0,0,1,3047,532,1.0,0
0,1,0,5278,498,1.0,1
1,1,1,8011,287,1.0,1
1,0,0,7285,423,1.0,1
1,1,1,9257,434,1.0,1
1,0,0,5223,308,1.0,0
1,1,0,3023,510,1.0,1
0,1,1,14901,174,1.0,1
0,0,1,12395,282,1.0,1
0,0,1,3472,186,1.0,1
1,1,1,14883,370,0.0,1
1,1,0,14220,279,1.0,1
1,0,0,6104,514,1.0,0
0,0,0,14295,344,1.0,1
1,0,0,2116,445,1.0,0
1,1,0,6015,106,1.0,1
0,0,1,6691,368,0.0,1
1,0,1,13861,537,0.0,1
0,1,0,7274,112,1.0,1
1,0,1,4121,599,1.0,0
1,0,0,13933,503,1.0,0
0,0,0,3593,325,1.0,0
0,0,1,11456,365,1.0,1
0,1,0,4676,341,1.0,1
0,0,1,10824,479,0.0,1
0,0,0,8984,279,0.0,0
0,0,1,13908,520,0.0,1
1,0,0,5070,279,0.0,0
1,0,0,2566,225,1.0,1
0,0,1,3646,598,1.0,0
1,1,0,2205,382,1.0,1
0,1,0,3858,517,1.0,0
1,1,1,5034,455,1.0,1
0,0,1,5312,289,0.0,1
1,0,1,12162,115,1.0,1
1,0,0,13759,414,1.0,1
1,1,1,13152,120,1.0,0
1,0,1,5268,115,1.0,1
1,1,1,11626,564,1.0,0
0,0,0,7478,562,0.0,1
0,0,1,3819,368,1.0,1
0,1,0,12564,132,1.0,1
1,1,0,9663,281,0.0,1
0,1,1,6721,168,1.0,1
1,1,0,1709,510,1.0,1
1,1,0,6334,151,1.0,1
1,1,0,14833,164,1.0,1
0,0,0,4307,399,0.0,1
1,1,0,13946,513,1.0,1
0,0,1,5462,506,1.0,0
0,0,1,14528,434,1.0,1
1,0,1,11645,327,1.0,1
1,0,0,3890,566,1.0,0
0,0,1,7019,321,1.0,1
0,1,0,13217,371,1.0,0
0,1,0,6294,538,1.0,1
0,1,0,12906,117,1.0,0
0,0,0,3944,317,1.0,1
0,1,1,12275,372,0.0,1
1,0,0,9832,558,1.0,0
0,0,1,14027,407,1.0,1
0,0,1,9983,272,1.0,1
0,0,0,4364,155,1.0,1
0,1,1,5677,448,1.0,0
1,1,1,4107,537,1.0,1
1,1,1,5436,108,1.0,0
0,1,0,4417,596,1.0,0
0,1,0,3718,500,1.0,1
0,0,0,3297,382,0.0,1
1,1,1,10668,392,0.0,1
1,0,1,10271,121,1.0,1
1,0,0,4073,171,1.0,1
1,0,0,4089,550,1.0,1
1,1,1,4783,521,1.0,1
1,0,0,11491,454,0.0,1
0,0,0,2961,579,1.0,1
1,1,1,5917,427,1.0,0
1,0,1,13760,271,1.0,0
0,0,0,12639,222,1.0,1
1,0,0,2213,190,1.0,0
0,1,0,3923,323,1.0,0
1,0,0,8720,391,1.0,1
0,0,1,3390,453,1.0,1
0,1,0,5067,351,1.0,0
0,1,0,6875,508,0.0,0
0,0,1,11370,578,1.0,0
0,1,1,3647,397,1.0,1
1,1,1,10609,466,1.0,1
1,1,1,11958,355,1.0,1
0,1,1,12216,112,1.0,1
0,1,1,3306,539,1.0,1
0,1,1,5551,434,1.0,1
1,1,0,10251,217,1.0,1
0,0,0,10320,534,1.0,1
0,1,1,12758,277,1.0,0
0,1,0,11603,560,1.0,1
0,1,0,5262,407,1.0,1
1,0,1,13243,599,1.0,1
0,1,1,11500,260,1.0,1
0,1,1,12078,194,0.0,0
1,0,1,11587,508,0.0,0
0,1,1,13622,467,1.0,1
0,0,0,10698,413,0.0,0
1,0,0,9740,267,1.0,1
1,1,1,11542,186,1.0,1
1,0,1,11621,521,1.0,1
0,1,0,8410,102,1.0,0
0,1,0,7673,471,1.0,1
1,0,0,3632,115,1.0,1
1,0,1,8432,229,1.0,1
1,1,1,3025,122,0.0,1
0,1,0,1828,197,1.0,1
0,0,1,4157,257,1.0,1
1,1,0,14221,338,0.0,1
0,1,1,10279,109,1.0,0
1,1,1,7472,420,1.0,1
0,0,0,6868,121,1.0,0
0,1,0,7471,407,1.0,1
0,1,1,4705,466,1.0,1
0,1,0,8333,283,0.0,1
1,0,1,7641,516,1.0,0
0,0,0,9032,316,0.0,1
0,0,0,9407,313,1.0,0
1,1,1,3098,435,1.0,1
0,0,1,5351,257,1.0,0
1,1,1,12164,309,0.0,0
1,0,0,9082,507,1.0,1
0,1,0,12509,232,0.0,1
0,0,1,9323,152,1.0,1
1,1,0,6107,328,1.0,0
1,1,1,11100,282,1.0,1
1,0,1,7007,122,1.0,0
0,1,1,7434,205,1.0,0
1,0,1,10703,190,1.0,1
1,0,1,7068,218,1.0,1
1,1,0,6159,559,0.0,0
0,1,0,5898,237,0.0,1
1,0,1,7742,581,1.0,0
0,0,0,13736,219,1.0,1
0,0,1,11021,260,1.0,0
1,1,0,12296,307,0.0,1
0,0,0,8111,448,0.0,0
1,1,1,8212,417,1.0,1
0,1,0,3523,437,1.0,1
0,0,1,7676,254,1.0,1
1,0,0,6007,362,1.0,0
1,1,1,4685,455,0.0,1
1,1,1,14295,254,0.0,0
0,1,1,13843,429,1.0,1
0,1,1,9223,493,0.0,1
1,0,1,12285,558,1.0,1
1,1,1,13033,412,1.0,1
0,0,0,1695,385,1.0,0
0,0,1,11482,358,1.0,1
0,0,0,2606,256,1.0,0
1,1,1,4289,113,1.0,1
0,1,0,11876,176,1.0,1
1,0,1,10230,438,1.0,1
0,0,1,6284,508,0.0,1
0,0,0,2218,493,1.0,1
1,0,1,8576,434,1.0,1
1,1,1,5495,319,1.0,0
1,0,1,1805,331,1.0,1
0,1,1,6930,532,1.0,0
0,1,0,10079,393,1.0,1
0,1,1,10416,554,1.0,1
1,1,0,14702,241,1.0,1
0,0,1,9686,350,1.0,0
1,1,1,4096,513,1.0,1
1,0,1,3935,395,1.0,1
1,1,1,12032,239,1.0,1
0,0,0,9870,575,1.0,1
0,0,1,3403,597,1.0,0
1,0,1,11396,241,1.0,0
0,0,1,4883,228,1.0,1
1,0,0,5675,423,1.0,1
1,1,0,8681,404,1.0,0
0,0,0,6042,117,1.0,1
1,1,0,14553,342,1.0,0
1,0,1,14876,263,1.0,1
0,1,1,6991,419,1.0,1
1,1,0,14357,195,1.0,1
1,1,1,9787,127,1.0,0
1,0,1,2783,575,0.0,1
1,1,0,1747,329,1.0,1
1,0,1,8142,515,1.0,1
1,0,0,2481,555,1.0,1
1,1,0,5863,124,1.0,1
0,1,0,3065,274,1.0,1
0,0,0,3641,503,1.0,0
1,0,0,2235,260,1.0,1
1,0,0,13079,129,0.0,1
0,0,1,12351,264,0.0,0
0,0,1,1948,307,1.0,0
0,0,1,9034,536,0.0,1
0,1,0,3335,572,1.0,1
0,0,0,6215,201,1.0,0
1,0,0,2113,472,1.0,1
0,1,1,11125,205,1.0,1
0,1,1,7734,429,0.0,1
0,1,0,7128,168,1.0,1
1,0,0,2376,107,1.0,1
1,1,0,12267,222,1.0,0
1,1,0,10825,452,1.0,0
1,0,0,14562,200,0.0,1
1,0,1,2171,100,0.0,1
1,0,0,3130,450,1.0,1
0,0,0,8939,106,1.0,0
1,1,0,13010,417,1.0,1
1,0,0,1860,210,1.0,1
0,1,1,8873,442,0.0,1
1,0,0,12084,285,1.0,1
0,1,0,5401,315,1.0,1
0,0,0,2297,561,1.0,1
1,0,1,3283,442,1.0,0
0,0,0,8551,222,1.0,1
0,1,1,1566,300,1.0,1
0,1,0,12726,107,1.0,0
0,1,0,7177,163,1.0,0
1,0,0,3590,235,1.0,1
0,1,0,11968,486,1.0,1
1,0,0,7570,482,1.0,1
0,0,0,7432,285,1.0,1
0,0,0,13207,226,1.0,0
0,1,0,9925,515,1.0,1
1,0,0,10914,471,1.0,0
1,1,1,12236,551,1.0,0
1,0,1,2555,148,1.0,1
0,0,1,7756,265,1.0,1
0,0,1,14760,485,1.0,0
0,1,0,14246,226,0.0,0
0,1,0,4847,492,0.0,1
1,0,1,10861,401,0.0,1
0,1,1,5601,420,0.0,0
1,1,1,9007,276,1.0,1
0,0,1,10185,302,0.0,1
1,0,0,4679,256,1.0,1
1,1,1,13535,445,1.0,0
0,0,0,7714,318,1.0,1
0,0,0,14726,585,1.0,1
1,1,0,2863,384,0.0,1
0,1,1,8767,388,1.0,0
0,0,1,13090,127,1.0,1
1,1,0,2556,450,0.0,0
1,1,1,1642,182,1.0,1
1,0,1,13007,211,0.0,0
1,0,0,6331,253,0.0,0
0,0,0,12465,469,1.0,1
1,0,1,9299,128,1.0,1
1,1,0,11576,494,1.0,1
1,1,1,3764,588,0.0,1
0,0,1,3424,579,1.0,0
1,0,0,13737,312,1.0,1
0,0,0,3981,201,1.0,1
1,0,1,11582,517,1.0,1
1,1,0,8477,459,1.0,1
0,1,1,9396,313,0.0,1
1,0,0,4625,403,1.0,1
1,0,1,10633,254,0.0,1
0,1,0,11307,479,1.0,1
1,1,1,8550,299,1.0,1
1,1,1,7511,267,1.0,0
1,1,0,11660,337,1.0,0
1,0,1,12914,258,1.0,0
0,1,1,5650,292,1.0,0
1,1,1,11163,266,1.0,0
0,1,1,10750,325,1.0,1
1,0,1,8504,466,1.0,1
0,0,0,10698,350,1.0,1
1,1,1,12882,379,1.0,1
0,1,1,2720,575,1.0,0
1,0,1,6161,597,1.0,1
0,0,0,6366,551,1.0,0
0,1,0,3297,565,1.0,1
1,0,1,7474,320,0.0,0
0,1,1,14665,122,1.0,0
1,0,0,4371,584,1.0,1
1,1,0,10205,288,1.0,1
1,1,1,3117,510,1.0,0
1,0,0,8505,371,1.0,0
1,1,1,14209,528,1.0,0
0,0,1,7571,126,1.0,0
1,0,1,6112,556,0.0,1
1,0,0,5257,488,0.0,1
1,1,1,3532,542,1.0,0
1,1,1,12902,555,0.0,1
1,1,0,10396,309,1.0,1
1,0,1,11365,134,1.0,1
0,1,1,13391,297,1.0,1
0,1,1,11783,590,0.0,1
1,1,0,6453,570,0.0,1
0,1,0,12540,273,1.0,1
1,0,1,5814,317,1.0,1
1,1,0,6163,155,0.0,0
1,0,1,11469,482,1.0,0
1,0,1,8551,598,1.0,1
1,0,0,14045,586,1.0,1
0,0,0,7132,251,1.0,0
0,1,1,14748,493,1.0,1
0,1,0,6996,562,1.0,1
0,1,0,2392,137,1.0,1
1,0,0,2471,567,0.0,1
0,1,1,1602,576,1.0,1
1,0,1,10799,297,1.0,0
0,1,0,7551,531,0.0,1
0,1,1,6645,108,0.0,1
0,1,1,4746,598,1.0,1
0,0,0,7354,277,1.0,0
1,1,1,5212,424,1.0,0
0,0,0,4917,275,1.0,1
0,0,1,7945,522,0.0,1
1,0,1,6917,566,1.0,1
1,1,0,14866,360,1.0,1
0,1,1,5651,183,1.0,1
1,0,0,14802,238,0.0,0
1,0,1,8017,341,1.0,1
1,0,1,5159,415,1.0,0
0,0,1,14618,254,1.0,0
1,0,0,10611,320,1.0,1
0,1,1,9006,234,0.0,1
0,1,1,6052,287,1.0,1
0,1,0,13919,277,1.0,1
0,0,0,14280,166,0.0,1
1,0,1,7173,168,1.0,1
0,1,0,3657,538,1.0,1
1,1,0,2081,176,0.0,1
0,0,0,2295,499,1.0,0
1,0,0,12889,473,1.0,0
0,0,1,3383,111,1.0,0
1,1,0,13059,586,1.0,0
0,0,1,14990,382,1.0,1
0,0,1,7544,345,1.0,1
1,0,1,10501,336,1.0,0
0,1,0,12625,351,1.0,0
0,0,0,12960,516,1.0,1
0,1,1,14560,306,1.0,1
1,0,1,6720,440,0.0,1
0,0,0,12676,207,1.0,0
0,1,0,2072,308,1.0,0
1,0,1,2706,410,0.0,0
1,1,0,14596,407,1.0,1
1,0,0,14666,392,1.0,1
1,1,1,4580,212,0.0,1
1,0,0,3960,475,1.0,1
0,1,0,11433,114,0.0,0
0,1,1,5505,439,0.0,1
0,0,0,6425,182,1.0,1
1,1,1,4113,164,1.0,0
0,0,0,3215,551,0.0,1
1,1,1,6745,102,1.0,0
1,0,0,3069,555,1.0,1
0,0,1,2176,460,0.0,0
1,0,0,14732,335,1.0,0
1,0,0,11525,488,1.0,1
0,1,0,4013,492,0.0,1
1,0,1,10492,228,1.0,1
1,0,0,10833,346,0.0,1
0,0,1,14903,334,1.0,1
1,0,0,4552,129,1.0,0
1,0,0,3531,170,1.0,1
0,1,0,3008,569,1.0,1
0,0,0,10802,247,1.0,1
0,1,0,5829,192,1.0,0
0,1,0,2412,382,1.0,0
1,0,1,6743,316,1.0,1
1,0,1,6822,337,0.0,1
0,1,0,2555,326,1.0,1
1,1,0,9130,318,0.0,1
1,1,0,8607,418,1.0,1
0,0,0,7170,558,1.0,1
0,1,0,13881,436,1.0,0
1,1,1,3250,130,0.0,1
0,0,0,9075,565,1.0,0
0,1,0,12863,502,1.0,1
0,0,1,7887,213,1.0,0
1,1,1,13845,201,1.0,0
0,0,1,4512,192,0.0,0
1,1,0,4928,306,1.0,0
1,0,0,13254,545,1.0,1
1,0,0,7963,490,0.0,1
0,1,0,6638,328,0.0,0
0,0,0,10048,520,1.0,0
0,1,1,7760,170,1.0,1
0,0,0,6755,441,1.0,0
0,0,0,5891,559,1.0,1
1,0,0,14312,235,1.0,1
1,0,1,14912,540,1.0,1
1,0,0,9047,565,0.0,1
0,0,0,8822,383,1.0,1
1,0,0,11309,437,1.0,0
1,1,0,11315,450,0.0,1
0,1,1,6724,116,1.0,1
0,0,1,11357,314,1.0,0
1,0,1,9451,494,1.0,0
1,0,0,12891,498,0.0,1
0,1,1,14188,513,0.0,1
0,0,1,11287,343,1.0,0
0,1,0,3489,194,1.0,1
0,0,0,12478,220,1.0,1
1,0,1,10220,105,1.0,0
1,0,1,4104,367,1.0,1
0,0,1,12887,186,1.0,1
1,0,1,3907,288,1.0,1
1,1,0,1563,202,1.0,1
0,0,0,13652,203,1.0,0
1,1,1,4312,519,1.0,1
1,1,1,12513,390,1.0,1
1,0,1,5527,166,1.0,0
0,0,0,1601,205,1.0,1
0,0,0,13040,347,1.0,1
1,1,0,12990,447,1.0,1
0,1,1,12786,306,0.0,1
0,1,0,12583,304,1.0,1
0,0,1,4635,418,1.0,1
1,1,1,2680,182,0.0,1
1,1,0,7009,523,1.0,1
0,1,1,12578,181,1.0,0
1,0,0,9030,386,0.0,1
1,1,0,4228,136,1.0,1
1,1,1,9131,312,1.0,1
1,0,1,12384,586,1.0,1
1,0,0,10090,232,1.0,1
0,0,0,1904,214,1.0,1
1,1,0,4373,476,1.0,0
1,1,0,4768,564,1.0,1
1,1,0,4194,310,1.0,1
0,0,0,11774,231,1.0,0
0,1,0,3967,473,1.0,1
0,0,1,14164,253,0.0,0
1,0,0,5815,507,1.0,1
0,1,1,3421,522,0.0,1
0,1,1,5459,539,1.0,1
0,1,0,8340,537,1.0,1
0,0,0,11232,393,1.0,1
1,0,0,12081,465,1.0,1
0,1,0,6348,281,1.0,1
0,0,0,12155,246,0.0,1
1,1,1,9123,321,0.0,1
1,1,1,4868,381,1.0,1
0,1,0,12677,226,0.0,1
1,0,0,9372,407,1.0,1
0,0,0,2179,302,1.0,1
1,1,0,9006,217,1.0,1
1,1,1,2247,160,1.0,1
0,0,1,12545,330,0.0,1
1,1,1,2821,550,1.0,1
0,0,0,9427,599,1.0,0
1,1,0,5248,249,1.0,1
0,0,0,7362,244,1.0,0
1,1,1,13842,494,0.0,1
1,0,1,6289,210,0.0,1
1,1,1,2033,266,0.0,1
1,0,0,3318,288,1.0,1
1,0,1,13892,594,1.0,1
0,0,0,3841,574,0.0,0
1,0,1,8194,148,0.0,1
0,1,0,6506,206,1.0,1
0,0,0,12114,192,0.0,1
0,0,0,6045,223,1.0,1
1,1,0,11160,416,0.0,0
0,0,1,8727,239,1.0,1
1,1,1,6407,496,0.0,1
0,0,1,9478,413,1.0,1
0,0,0,5985,110,1.0,1
0,0,1,2735,547,1.0,1
0,0,0,12406,514,1.0,1
0,0,1,11400,494,1.0,0
1,0,1,9155,477,1.0,1
0,1,0,2645,460,1.0,1
0,1,0,8920,270,1.0,1
1,0,0,2975,135,1.0,1
1,0,1,13615,229,1.0,1
1,1,0,4421,442,1.0,1
0,1,1,11547,160,1.0,0
0,0,1,12916,519,0.0,1
0,0,1,13656,433,0.0,0
0,0,0,13071,584,1.0,0
0,0,1,7179,148,1.0,1
0,0,0,9196,510,1.0,0
1,0,0,6915,495,0.0,1
1,1,1,6438,285,1.0,1
0,0,1,3104,320,0.0,1
0,0,1,12971,105,1.0,0
0,1,1,6547,399,1.0,0
0,1,0,10243,274,1.0,0
0,1,0,11696,378,0.0,0
1,1,0,9675,470,1.0,1
1,0,0,14907,557,1.0,0
0,1,0,9119,453,0.0,1
1,1,0,7617,463,1.0,0
0,0,0,9429,303,1.0,1
0,1,0,14884,195,1.0,0
0,1,0,3336,381,1.0,1
1,0,1,7404,234,0.0,1
1,0,1,7976,515,0.0,1
0,0,0,8773,132,1.0,0
1,0,0,10816,181,1.0,1
1,0,1,2882,582,1.0,1
0,0,1,11462,247,1.0,1
1,0,1,13555,194,1.0,1
1,1,0,4900,552,1.0,0
0,1,1,9556,579,1.0,1
0,0,1,9726,535,1.0,0
1,1,1,3704,594,0.0,1
0,0,1,14691,269,0.0,0
1,1,1,4844,310,1.0,1
0,0,0,4514,484,1.0,1
0,1,1,14183,290,1.0,1
0,0,0,9419,106,0.0,1
0,1,1,13994,479,0.0,1
1,0,1,11472,413,0.0,1
0,1,1,3128,441,1.0,1
0,1,1,8264,533,1.0,0
0,0,1,11021,133,0.0,0
1,1,0,7245,150,0.0,0
1,1,0,11251,219,0.0,0
0,1,0,10496,237,1.0,1
0,1,0,12201,466,1.0,1
0,1,0,14039,205,1.0,1
0,0,0,2790,381,0.0,0
0,0,0,8510,131,0.0,0
0,1,1,13996,223,1.0,1
1,0,0,14742,269,1.0,1
0,1,1,4086,574,1.0,1
0,0,1,7623,545,1.0,1
0,1,0,6430,111,1.0,1
0,1,1,4050,267,1.0,1
0,1,1,2455,442,1.0,0
0,1,0,14301,177,1.0,0
1,0,1,10271,133,0.0,1
1,0,0,11629,308,1.0,0
1,0,1,14959,425,0.0,0
1,1,0,3497,510,1.0,0
1,0,1,8483,107,0.0,1
1,0,0,11357,324,0.0,1
0,1,1,8629,326,1.0,1
0,1,0,3630,274,1.0,1
0,1,1,8709,180,1.0,1
0,0,1,7799,381,1.0,1
0,0,0,5240,156,1.0,0
0,1,1,4000,234,1.0,1
1,0,0,11334,337,0.0,1
0,1,1,8951,571,1.0,1
1,0,1,6807,316,1.0,1
1,1,0,14404,326,1.0,1
0,0,1,8267,125,1.0,1
0,0,0,2997,286,1.0,1
0,0,1,14294,469,1.0,1
0,1,1,12896,217,0.0,1
0,1,1,10313,296,1.0,1
0,1,1,4644,215,1.0,1
0,0,0,11643,402,1.0,1
1,1,0,11151,201,1.0,0
0,0,1,9525,479,0.0,1
0,1,1,1792,262,0.0,1
1,1,0,10346,513,1.0,1
0,0,1,12676,277,0.0,1
0,0,0,13535,572,1.0,0
1,1,1,4304,379,1.0,1
0,1,1,9104,385,1.0,0
0,0,0,8639,311,0.0,1
0,0,1,12406,153,1.0,1
0,1,0,9328,166,1.0,0
0,0,0,7703,131,1.0,0
0,1,0,3121,350,0.0,1
1,1,0,9371,107,1.0,1
0,1,0,5514,598,1.0,1
0,0,0,12945,533,0.0,1
1,1,1,12538,530,0.0,0
